reviewId,userName,userImage,content,score,thumbsUpCount,reviewCreatedVersion,at,replyContent,repliedAt,appVersion,appId
0d9c72e3-fd2a-432c-b881-805bc6ef1c54,Narasimhappa Chithra,https://play-lh.googleusercontent.com/a-/ALV-UjWN3o0ldDlqlBKQ-kPv1qj5Ds3biuZHnaJtnUU78fOl4o8hLVdJ,not a good app waste of money,1,0,1.0.2,2026-01-27 23:00:36,,,1.0.2,com.kompanion.glowin.android
68a38177-041d-4dc7-8328-b2ee616063b7,Samona Plaku,https://play-lh.googleusercontent.com/a/ACg8ocLUgfPmG0SszRTorSKt_FwXqFSzbDvEc5JWqiZKlDW4tUWY6w=mo,super 👌,5,0,1.0.2,2026-01-25 22:43:51,,,1.0.2,com.kompanion.glowin.android
8b5a9a0d-8874-4f54-9a6e-9c5be5921c9b,Christina Duncan,https://play-lh.googleusercontent.com/a-/ALV-UjWar-H5Fm3x8of_Vgdv9oZj_FSwOK_k2hLxWa-EmrhdibqlEiZgKA,"horrible app. it glitches and shuts down while im trying to use it. when I brought this issue up and asked for my refund for the subscription they refuse to give it back to me. so, now ive got a subscription I dont want and an app that is practically useless because it doesnt even work!! do not buy the subscription. waste of money. 😪",1,1,1.0.2,2026-01-20 19:06:56,,,1.0.2,com.kompanion.glowin.android
841adf6d-f351-4e5d-b8f0-f40fb8a1b958,Sophie Campbell,https://play-lh.googleusercontent.com/a/ACg8ocLjXFE5eluOc6JxTVrIDfmAmeM7XKCvZMi6mzQZlmf1vT4mQQ=mo,Consider this app to be the best gift you could give yourself all year!,5,1,1.0.2,2026-01-15 15:21:52,,,1.0.2,com.kompanion.glowin.android
0ceee47e-8e78-4674-a966-c61284cbe0d1,Kim Ruby,https://play-lh.googleusercontent.com/a-/ALV-UjWmrcLh8R2c1Bez8Cu9_2EAthSi51XaZgntJrsvx6D81w3X3bQy,installed after recommendation from Google play but set up screens not displaying properly so uninstalled as not confident app will work correctly. first impressions are important,3,0,,2025-12-26 19:05:58,,,,com.kompanion.glowin.android
73cdb0e0-b3ae-4520-8e50-bc8d48a65801,narges nategh,https://play-lh.googleusercontent.com/a/ACg8ocJTUmIM9RkYxlf-YB2s7oO5MLbuT2sj8Ve6fsRETEQGcO4rTg=mo,great,5,1,1.0.1,2025-12-13 14:01:07,,,1.0.1,com.kompanion.glowin.android
a0b9ce9a-4d18-4b84-a36a-d0b3bb0d7e7e,Omer Askin (Remo79),https://play-lh.googleusercontent.com/a-/ALV-UjVZs7lb_bwM6pDPOzcylMnBG21wGAqQFJIFEJHSxE1n-9wjqhe8,Collect your information and data then ask for $$ then offers half price...then won't allow delete info,2,1,,2025-12-13 09:27:31,,,,com.kompanion.glowin.android
6ae551aa-5b5e-49a1-9e85-47bb26f24863,Angela Sinclair,https://play-lh.googleusercontent.com/a-/ALV-UjWGAoGq2q6R_T68itmWOJpsNyGKktchCWOl1z79GLfy3h2eZQzMsA,"pretty basic routines most people already do. no tailoring, no inspiring new ideas. pretty lame app, actually.",2,6,1.0.1,2025-11-30 21:10:12,,,1.0.1,com.kompanion.glowin.android
432fce98-9d2e-4d8f-bea5-afc299e792c8,Dharshan V,https://play-lh.googleusercontent.com/a/ACg8ocI3AojR3I0H7UlBK_-N0blPnIGXRg1wivJIFqjkWqUVTohUGQ=mo,very good app for self improvement,5,2,1.0.1,2025-11-23 13:05:28,,,1.0.1,com.kompanion.glowin.android
838f2675-a339-499d-8fe1-dc2a80a6ca20,Kamal Sandhu,https://play-lh.googleusercontent.com/a-/ALV-UjVNHmO90yqufxGKU2ZZnUReTofI9_UZbmoWrSr9Uu8o8LZgr-E,paid app,1,0,,2025-11-18 10:48:38,,,,com.kompanion.glowin.android
33714f52-c4a1-4bae-bc40-dd883ddd50aa,Sakthi Priyan,https://play-lh.googleusercontent.com/a-/ALV-UjVI9eC7-xDPk5FIEFnGhZjy9STNeyQpldk0Nn-G2p6DjR6YUBk,good,5,1,1.0.1,2025-11-17 21:16:47,,,1.0.1,com.kompanion.glowin.android
87c3b516-5656-4281-b6c0-4edd3817dcc1,Melanie Goguen,https://play-lh.googleusercontent.com/a/ACg8ocJRFcQE_6ZF0CDfr4mPcWJ6OKCtriZwam1pZ7QhtPWt_nSFXQ=mo,❤️,5,1,1.0.1,2025-11-17 03:25:17,,,1.0.1,com.kompanion.glowin.android
a8185f06-c4c4-4101-9926-22c96b4fa743,athisaya ravichandran,https://play-lh.googleusercontent.com/a/ACg8ocL86-EU_P9g5bnqyNqPgcyKsXBwLep58wLOtoAgvj_bmOmP=mo,nice,5,1,1.0.1,2025-11-16 20:50:43,,,1.0.1,com.kompanion.glowin.android
4615739d-1cbe-4a83-b8f6-6d8b98fe953d,Monisha Monu,https://play-lh.googleusercontent.com/a-/ALV-UjVHuWNXvKKM4B0HUtVNBqCYEbxOR3pRgxDmMMFMttyfJCvFj44,good,5,1,1.0.1,2025-11-16 16:14:15,,,1.0.1,com.kompanion.glowin.android
c590c492-5a93-43ec-a525-f05be08276a8,Erica Cross,https://play-lh.googleusercontent.com/a/ACg8ocJVjoBmwRBgHNzLl2hJFVOFdAgcCqn_vLzspbEPEsbSr4ojvQ=mo,no instructions on how to delete automatic goals. no tutorial on how to navigate goals. makes you pay to use but doesn't tell you until answering questions,1,6,1.0.1,2025-11-16 07:38:25,,,1.0.1,com.kompanion.glowin.android
f6cfbf69-ffbd-422c-9d2f-64473d8bf79c,Lavanya Natarajan,https://play-lh.googleusercontent.com/a-/ALV-UjUsb9nV9SfO7cH7dUJCZZmc0jWIlF9CxkwxwZ3n1cvHEU4vqhlP,nice,5,1,1.0.1,2025-11-15 05:57:12,,,1.0.1,com.kompanion.glowin.android
769eb6fa-a6ae-4946-a60e-9dec4074e78f,Pallab,https://play-lh.googleusercontent.com/a/ACg8ocIAkRa2wWc2n5X8jDr_TkvHUugtGdUQqq2Sy-XRPtRI70rTAA=mo,🤩,5,0,1.0.0,2025-11-14 17:51:32,,,1.0.0,com.kompanion.glowin.android
648b432d-b506-4c56-967b-c45a0cff710c,Himanshu Raj,https://play-lh.googleusercontent.com/a/ACg8ocJ-haHhVRACnDtFGLGBg-l9Xk5hDwM0Ht6mxfKmOo5QRYrcP-rT=mo,App is good in many things but I dont find focus pmomodoro study technique and also the widget ? can you tell where can I find this ?,3,2,1.0.1,2025-11-03 09:42:37,,,1.0.1,com.kompanion.glowin.android
024c36a1-cb8e-49c5-8c6a-9957ae29cfc2,Rufaro Hundungu Rufaro Hundungu,https://play-lh.googleusercontent.com/a-/ALV-UjUNvZeUlk0NlnfJcCY1jXFdhaGZG-YpPl4e_S6_YIFKePGlrCHK,love it,5,1,1.0.1,2025-11-03 01:12:59,,,1.0.1,com.kompanion.glowin.android
4045b67f-1f7f-4da5-8201-b3ac9eb20a45,Miral Patel,https://play-lh.googleusercontent.com/a-/ALV-UjXdulL9acFkcfGLSBAI-oBUSLyYDf2LzJjW6HonsrcHJmOvUCffmA,thanku,5,0,,2025-10-31 09:19:09,,,,com.kompanion.glowin.android
c9192ed6-727c-4ec2-aa35-d897141ae9e9,SAROJINI NAIR,https://play-lh.googleusercontent.com/a/ACg8ocInozqaO2I9OQMcLQMnDvdQ-qNJcrC9miND_GhBcuHqi4n1FQ=mo,super .i loved it.,5,1,,2025-10-31 02:43:41,,,,com.kompanion.glowin.android
2ef774ff-4692-4eb3-a22b-d81178ebb9e5,Juan Pablo Castillo,https://play-lh.googleusercontent.com/a-/ALV-UjVPOWMEBFBeLDltjZ4z1sccHFZATDZjb3wAj4kARhyHB_DKMbRNQw,Pay,1,0,,2025-10-29 23:34:04,,,,com.kompanion.glowin.android
e2da99f5-f9aa-4414-a717-e31d0550454f,Senthilrajan S,https://play-lh.googleusercontent.com/a-/ALV-UjWbuFlDJinZ2GZUvjuYoJ7HNn4OtobD2JCzH-OtArpIIcZuMfGI,reviewed the features and the way it is presented. well impressed. pricing is also justified for the App. recommend this App,5,3,1.0.1,2025-10-29 16:03:04,,,1.0.1,com.kompanion.glowin.android
97c656aa-2129-44ff-9c5c-a22f7e5d1dac,Sai Prashanth,https://play-lh.googleusercontent.com/a-/ALV-UjXJImvaTy8eQF0ol38VyHv-7zpPfbVMNBrSWVVmsjSilyUOqPpmmA,Loving it! Transforming life with one good habit at a time!,5,3,1.0.1,2025-10-29 13:45:13,,,1.0.1,com.kompanion.glowin.android
5168419c-771f-4bfd-b354-9da87c8a738b,shabna Ichu,https://play-lh.googleusercontent.com/a-/ALV-UjVpce1p7yjMgSAR3FAAXFFvEa9gkEh10GK_ReKOGePkj25Ol3DH,soooper,5,1,1.0.1,2025-10-28 17:07:48,,,1.0.1,com.kompanion.glowin.android
29e42aa9-a950-42d9-8a1a-a09df2560ced,Christin Alex,https://play-lh.googleusercontent.com/a-/ALV-UjXvONUwq399jj579Q77wZ3PTVMENghXg-GwqSOfY_PUtn1xMko,good,5,1,1.0.1,2025-10-27 15:54:37,,,1.0.1,com.kompanion.glowin.android
42a2c66e-9e36-4f65-851c-ce734f68cc9a,Gauri Parihar,https://play-lh.googleusercontent.com/a/ACg8ocKNKZHA7eOz9mxK_Na0eJPMH0sjw8L7rGyy5UqqTT4cGA311w=mo,very nice app ☺️👍,4,3,1.0.1,2025-10-27 13:48:00,,,1.0.1,com.kompanion.glowin.android
59da88cc-4784-486f-8b85-2a160e71f5fa,Durga Muthu,https://play-lh.googleusercontent.com/a/ACg8ocKRWRNWIks-ax7Xno9C-Bop6WtmHWkgWpDMjqvNP6s7KdEM_g=mo,super 😊,5,0,1.0.0,2025-10-26 15:04:37,,,1.0.0,com.kompanion.glowin.android
2dfc8937-5794-476f-94a2-30e78a2ce014,Harshal Zawar,https://play-lh.googleusercontent.com/a/ACg8ocJJzy1CqQf5lCeunpS4R3hqYmzB6xfWBQoI6TK4hlWMYWFYZA=mo,nice one,5,0,,2025-10-26 08:23:23,,,,com.kompanion.glowin.android
38bc5dd8-4824-452b-b8ca-f766f5ab4f48,Lakshminarayana PT,https://play-lh.googleusercontent.com/a-/ALV-UjWd-QYOD3Aqmr5Eb_aVbZLUI4Kf4ceTgUJ-I8Q4feyhq0plvv9M,Good attempt 😊,5,1,1.0.0,2025-10-25 17:58:10,,,1.0.0,com.kompanion.glowin.android
aa402f42-0238-4f25-badc-2be5fe8f6d6f,Ranjana Singh,https://play-lh.googleusercontent.com/a-/ALV-UjUbgcdaKazivw1oVLExPUOZNouItREqxcKfY54F14m4aQpCYWC2,excellent,5,0,1.0.0,2025-10-25 12:51:40,,,1.0.0,com.kompanion.glowin.android
e16816a1-d641-4b89-9699-cdd392f501e2,Puneet Suman,https://play-lh.googleusercontent.com/a/ACg8ocIJtq5t8gfvj7GizNH4JJ0eX8D0ALz5gNDbEqBJpjCM1bUXCg=mo,"""This is ridiculous. Paid for a yearly subscription, but pre-made routines aren't working. Multiple attempts to contact support have been met with complete silence. Unacceptable.""",1,18,1.0.0,2025-10-25 04:53:55,,,1.0.0,com.kompanion.glowin.android
b9c93d37-d648-4d22-9d2c-ed3685d7424f,Zafir Alam,https://play-lh.googleusercontent.com/a/ACg8ocLOls3ciwwXBPoXVP1Kwlu6XC1pw7lAbnTfIlIE8i-f9kEG7w=mo,good,5,0,1.0.0,2025-10-25 00:38:17,,,1.0.0,com.kompanion.glowin.android
4e96a596-6b39-46dc-9857-0e3687aa9188,Nisha Khunte,https://play-lh.googleusercontent.com/a-/ALV-UjUw3F8I-tQJe-IwsNIH3Jx07JPUM4OzD6VjCezHtrmnhJfv7FTrEw,nice,5,0,,2025-10-24 19:48:15,,,,com.kompanion.glowin.android
6af73b10-b223-41aa-aaad-d6ec49a5ed66,Bijju Suryabamshi magar,https://play-lh.googleusercontent.com/a-/ALV-UjVDbiLafZBPqJjuD9BPvOA6-R7uqhlHmjBpsVyj68f_POaTy-c,really appreciate,5,1,1.0.0,2025-10-24 17:24:12,,,1.0.0,com.kompanion.glowin.android
9f631dc4-816b-403a-8838-600191973413,Fatima Syeda,https://play-lh.googleusercontent.com/a-/ALV-UjUWu0ujZTpblMsWPndfCGO9pp3INpiqolTIeQ58sPKv382_Y6im,Good but when I am writing a title it shows not valid it is super annoying 🤬,2,2,1.0.0,2025-10-24 13:20:06,,,1.0.0,com.kompanion.glowin.android
ab3b6de8-4c36-4536-b85b-c0a3cf8a14c3,Monal Shah,https://play-lh.googleusercontent.com/a/ACg8ocK4ISGkCEAdYQwf0JiNzsC8qSobNVwtdGR3jyvfyGyczPJUkA=mo,paid yet is showing not paid,1,4,1.0.0,2025-10-24 09:55:49,,,1.0.0,com.kompanion.glowin.android
32537a24-807f-4005-b40a-52eb6bf7acae,FINANZEN CAPITO,https://play-lh.googleusercontent.com/a-/ALV-UjVm_gQRfll51OO2CH-y0ZNwr9G8h7SPCqMCV2DJTrD3L2X2yflb,very productive,5,0,1.0.0,2025-10-23 14:41:28,,,1.0.0,com.kompanion.glowin.android
561176b7-0ec9-4549-9681-a44216f43539,jyotika Mehta,https://play-lh.googleusercontent.com/a/ACg8ocJYQqazAYk9aWw73lQR2ZTsNZU_4CZklCaPHD-XXD1YQ_LR7Q=mo,good,4,1,1.0.0,2025-10-23 13:58:47,,,1.0.0,com.kompanion.glowin.android
e240c8ef-7d20-4e31-8ff1-8279c64d5a90,Saher Khan,https://play-lh.googleusercontent.com/a/ACg8ocIrcbR4HtcCSrX5ejbWVeuL_V6oH62IwMiCb2rTonkl-NXiXQ=mo,good,4,1,1.0.0,2025-10-23 02:14:54,,,1.0.0,com.kompanion.glowin.android
beea9a72-c008-4815-9c3b-97dd0d2855e4,Karan Singh,https://play-lh.googleusercontent.com/a/ACg8ocJSeOs1ig_JpKovsWzDsDwBZf93JRgLLLkvBwAdSrKq2TaHDQ=mo,good,5,0,1.0.0,2025-10-22 19:19:17,,,1.0.0,com.kompanion.glowin.android
6380c43d-658a-4c85-92ba-c45c1571d440,technical Namo Tiwari,https://play-lh.googleusercontent.com/a-/ALV-UjVU_f6qjxMWkuEKpTN2BYLp8P6xQy80zv1wxBK3t0668DVZ_-yU,good management,5,0,1.0.0,2025-10-22 14:13:39,,,1.0.0,com.kompanion.glowin.android
50c401de-fd5b-4ebf-a6ba-53178b3c36d5,Dremel Anthony,https://play-lh.googleusercontent.com/a/ACg8ocLAD6bLSAV0uxrR_4jTjAUu-HApiifW2j1sOU3aB74M6as_yQ=mo,great,5,0,1.0.0,2025-10-22 13:35:17,,,1.0.0,com.kompanion.glowin.android
74d87b61-4ba9-49d9-b759-18f71651fdc7,JBM ENGINEERING,https://play-lh.googleusercontent.com/a/ACg8ocI1x229afaEPq9YGS0aO7nfQz11nAEerJaiwORsg3i9MvZJsr8=mo,ok,1,0,1.0.0,2025-10-20 12:13:38,,,1.0.0,com.kompanion.glowin.android
6c1477ca-8cc5-4268-bd31-566a3b9daf47,Dinesh Kumar Panda,https://play-lh.googleusercontent.com/a/ACg8ocLAOhw88yUnbQwB9mh489YT-16lcrkDH_dXFUPszFwxD_qGKG-J=mo,good,5,0,1.0.0,2025-10-20 11:22:17,,,1.0.0,com.kompanion.glowin.android
786b52d6-01b2-4eb4-9f9b-f9634d52500d,Tejaswi Garikapati,https://play-lh.googleusercontent.com/a-/ALV-UjV44JwQi0HZCIhzIaeGYrmaauqngi4lmPq6YkxD00xT1hsjkcR-,good,5,0,1.0.0,2025-10-19 13:49:53,,,1.0.0,com.kompanion.glowin.android
1984d81e-f4b1-442b-a579-9a5944c999b5,Dharani mugith,https://play-lh.googleusercontent.com/a-/ALV-UjWExDyA9ncAj_RUabnPsOu2CkCTOv-_U8HM-IxoV18YgFagSDMC,thanks for your support,5,1,1.0.0,2025-10-19 12:26:59,,,1.0.0,com.kompanion.glowin.android
bae2e062-8659-40d6-86bc-9dd73b032704,Shrikrishna Pramanik,https://play-lh.googleusercontent.com/a/ACg8ocIa0D6qvh_wmZoQ09NYTHkzLonfBSHIooYvmQ_23-tHso2ivEs=mo,good morning,5,1,1.0.0,2025-10-19 08:55:24,,,1.0.0,com.kompanion.glowin.android
97900862-9474-4b9a-a52e-1560bc8ba8a8,Sandhya Kaura,https://play-lh.googleusercontent.com/a-/ALV-UjUXlB077lQ98ec8qtZCmoYRv8kn3U7kzLSXh5F6-oFlTaBD6Ei9ow,"I am yet to completely experience this app. as of now, it's feeling really good. it helped me start with a deep breath and thanks to the app for that. It felt like a momentof reset to me. 😇 Feelingblessed. Ready to take charge of my life one day at a time.",5,6,1.0.0,2025-10-19 07:05:46,,,1.0.0,com.kompanion.glowin.android
23b93331-18b0-408d-8863-8f89ca549137,Piyush Verma,https://play-lh.googleusercontent.com/a/ACg8ocIiEX5dTiOnnrvm7etERbqlUJ00mXIbgh-RIypjOq_E5zJK8w=mo,nice,1,0,,2025-10-18 21:08:12,,,,com.kompanion.glowin.android
891ffce0-d0be-4111-ad62-43ae2bfd5805,Swetha Soma,https://play-lh.googleusercontent.com/a/ACg8ocIrR6u9Zljq4n9HJwTU-rmqi-OtlalcFe_zMHWjDbfppPGqlg=mo,very useful appa,5,1,,2025-10-18 11:50:23,,,,com.kompanion.glowin.android
b8fe52c7-484a-4e9e-801f-1608a2a379df,Anushya Ramakrishnan,https://play-lh.googleusercontent.com/a/ACg8ocJzPXa1B2D2H6e8uCKaUjKrINazel5nEEYlYKq9VsKa1H6iSHk=mo,wow,5,0,1.0.0,2025-10-17 20:42:07,,,1.0.0,com.kompanion.glowin.android
72bb02c8-08d2-4249-b56f-c3abf2eac168,Arjun DAS,https://play-lh.googleusercontent.com/a-/ALV-UjUhqSNoYFrtFwKvN0Cuuq5NHQLLc0JMdHNvzxYGrLtjBT8vd0Iz,very good app,5,1,1.0.0,2025-10-16 09:51:15,,,1.0.0,com.kompanion.glowin.android
81ae6b2d-b185-4af2-ba96-16ac6ccaa59d,Anna Antony,https://play-lh.googleusercontent.com/a/ACg8ocKcHVAoOiCWtkunJRtE_fBL3I13crceCj1QB3B7mU2J1gdbrA=mo,great,5,0,1.0.0,2025-10-16 08:51:17,,,1.0.0,com.kompanion.glowin.android
cb3f63f6-5697-4000-83b8-fff2eb08910a,Mrignayani Bairagi,https://play-lh.googleusercontent.com/a/ACg8ocL8yzKCtiTlfI1hyYnjg3P2Ay2brA1saGxJRW3Lts_zRUmW2w=mo,nice,5,0,1.0.0,2025-10-15 15:51:19,,,1.0.0,com.kompanion.glowin.android
b19f854c-0bbd-4010-b142-3f9bf2e820e6,Keshav K2S,https://play-lh.googleusercontent.com/a-/ALV-UjVI_3ZUH_WKIdLkSyL57Izjp46tj0iFUa484JOFT1XS6Aim3uU,fev,4,0,1.0.0,2025-10-15 08:43:36,,,1.0.0,com.kompanion.glowin.android
e02361c0-726f-4bf7-9a7b-7cccc88dfeb3,Hakkumbasha,https://play-lh.googleusercontent.com/a-/ALV-UjV8e1DSyovvIwA3HNlKmI0e4_5zIhlCtwGlMtANkBQ1ljrivnHJwQ,super app,5,0,1.0.0,2025-10-15 00:51:23,,,1.0.0,com.kompanion.glowin.android
8f88e0af-3d43-4f31-b0fb-99f69ae35492,Sneha More,https://play-lh.googleusercontent.com/a/ACg8ocKXfjJE0oH7R11ydSjFuZkEu-sF2mA0AvmjPwaHMPIQQ4ThBQ=mo,good,3,0,,2025-10-15 00:19:58,,,,com.kompanion.glowin.android
50f674ce-c410-4bd3-831e-9ada40a0adc8,GANESH M,https://play-lh.googleusercontent.com/a-/ALV-UjXGZzP65kePo2bL8OhIdupTMjh55__dH-x5fU1eyu-0MPCmCeG9ig,so usefull,5,0,1.0.0,2025-10-14 15:19:41,,,1.0.0,com.kompanion.glowin.android
ab3ebfe8-bc96-45ee-af53-3f3b0d821758,Ranjeeta Tak,https://play-lh.googleusercontent.com/a/ACg8ocKSQf_k53B-4flXi0MFcN4tt989YFw-NtdxBNJA3R_F9nkIaw=mo,great i love it so much 🥺 best forever mast bhai no compition at all,5,3,1.0.0,2025-10-14 14:43:22,,,1.0.0,com.kompanion.glowin.android
fc4eaf78-57ce-4112-b069-c4492632fb58,Alex Alex,https://play-lh.googleusercontent.com/a-/ALV-UjWsywCskc8aIS6CxjflvJBZwN7rFxwo1OJFO08eeGvmy5vvimcC,ok thanks,5,0,,2025-10-14 13:39:42,,,,com.kompanion.glowin.android
494611d7-872b-4406-a436-b7a0b6d3b5c8,जय रावल,https://play-lh.googleusercontent.com/a-/ALV-UjXD2Hohu8FL26CAfrwKPO7RSdRx-ERj8MhqDnuFGYZdUrhOR8pb,Koi download na Karen ise bekar hai,1,0,1.0.0,2025-10-14 11:44:59,,,1.0.0,com.kompanion.glowin.android
68160eb3-488c-4388-b56c-0c657f06b0b6,kaushal singh,https://play-lh.googleusercontent.com/a-/ALV-UjVRgLCQFDM6nGdZ4OBOTAFBdHUyNWwNLnNT__U4U1u32O9ZCURl,good,5,0,1.0.0,2025-10-12 19:35:54,,,1.0.0,com.kompanion.glowin.android
5e166431-c128-4fc2-9832-635965cde28c,Nikita Khinchi,https://play-lh.googleusercontent.com/a/ACg8ocLKYaH1pSZbb7I3BNioGOHtGiB_H2H9xNXV0R2Q1kWRevo4Wg=mo,super,5,0,1.0.0,2025-10-11 20:06:15,,,1.0.0,com.kompanion.glowin.android
7b6ad5dc-9d6a-498c-b615-5f09a221e6c6,akash bhadwalkar,https://play-lh.googleusercontent.com/a/ACg8ocKcx3xgh8S1AMNkDBN6motJ_3PeNgD7TGxogomNHHbZ94MXmw=mo,best tracker,5,0,,2025-10-11 13:47:59,,,,com.kompanion.glowin.android
b7ef7ba8-4b86-4396-9934-af4235ffa1b7,ASHISH KUMAR JHA,https://play-lh.googleusercontent.com/a-/ALV-UjXVXc2sqze2ZRDTehfYmAVq2s0cWnG8J7b14Eg9DP-drq3qPNROtA,systematic,5,0,1.0.0,2025-10-11 11:19:55,,,1.0.0,com.kompanion.glowin.android
fe0fc03d-5203-4973-801d-4b5bf4ef4366,Pawan kumar,https://play-lh.googleusercontent.com/a-/ALV-UjXqe-O2f7MvBRVZqV6kVgNOcaeB5w6lZTYKe2Wn2OW9wdZbgZU5,good,5,0,1.0.0,2025-10-11 09:28:22,,,1.0.0,com.kompanion.glowin.android
5ae7f979-ddbe-4db2-b1f3-9e6df87a577c,SIMANCHALA SAHU,https://play-lh.googleusercontent.com/a-/ALV-UjUzsRxOnwMBOcOGbn3EpeMcRCoL3aghEIE5gkQdEELFyck-6lAOYw,ok,5,0,1.0.0,2025-10-11 00:02:15,,,1.0.0,com.kompanion.glowin.android
fc2e03fa-9470-48c0-89dd-06be0f39be83,Tanvi Madhavi,https://play-lh.googleusercontent.com/a/ACg8ocJaRFY2ihpsnuXb5nOWK5vQmYRnwn48DQP3j0YE6ig6qN6N9Q=mo,nice,5,0,1.0.0,2025-10-10 21:59:30,,,1.0.0,com.kompanion.glowin.android
ab123a47-71f4-4247-9dfa-4fce82e7fc71,Anil Kumar,https://play-lh.googleusercontent.com/a/ACg8ocL8jbTxECg10q-RbTaVIQMu_H2Do3pBF6E_d1X3dgTOVHYGeg=mo,Nice,5,0,1.0.0,2025-10-10 00:58:21,,,1.0.0,com.kompanion.glowin.android
7240f3ea-d217-4313-bf06-6bbc681f2c15,Harendra deswar,https://play-lh.googleusercontent.com/a-/ALV-UjVvQccWvh5uenrUTcd9zcHzvVrX4KQ_XdNTxTHmho9IRl-ZmpaA,very good management,5,1,1.0.0,2025-10-09 18:36:03,,,1.0.0,com.kompanion.glowin.android
147970ae-85be-4c0a-86bd-bdf8b4c59530,M Naresh,https://play-lh.googleusercontent.com/a-/ALV-UjUCEE-UBYLIswS-MvBqtgb05pWj49hj9C_39nCsxlbBraAEE8hHBw,good,3,1,1.0.0,2025-10-09 15:21:03,,,1.0.0,com.kompanion.glowin.android
4d547d65-e74a-4f42-8211-a68f5b4c94e3,Vedika Mogal,https://play-lh.googleusercontent.com/a/ACg8ocLjcA3-aLQukRv0DvSrj75NmpN1Cmhqx7oK68FjmJZ3q-oK3g=mo,abc,5,0,1.0.0,2025-10-09 14:23:36,,,1.0.0,com.kompanion.glowin.android
e14981ee-df7e-4fd5-bea8-cf9ac21a6c15,Nitin Rathore,https://play-lh.googleusercontent.com/a-/ALV-UjXzdMxcKUo2WdBebvMmkNraqfpmtbUXUACP1ltu-hA4ZzDU7LHl,app not working properly....gets stuck....,1,7,1.0.0,2025-10-09 04:44:43,,,1.0.0,com.kompanion.glowin.android
41417c34-1780-4780-a00f-145a0cd95547,Jitesh Bhoye,https://play-lh.googleusercontent.com/a-/ALV-UjUj9bsLrRlQVNXSmfL8ce5S-d2styjML_YkLCI1U6LyCMAfij9Y,ગુડ,5,0,,2025-10-09 02:52:19,,,,com.kompanion.glowin.android
ce17771c-20a9-495c-aa8c-0e50c2e81c59,Kushalsinh Solanki,https://play-lh.googleusercontent.com/a-/ALV-UjURI5SjCkAWZlsAleLRSt6rGDtjVSeaOw83QyZMobCbZIdEfBs,good 👍 application 😃 for health,5,1,1.0.0,2025-10-08 12:50:40,,,1.0.0,com.kompanion.glowin.android
dc9e7b90-107b-4a89-975f-31c392ca6856,Rajdip Chowdhury,https://play-lh.googleusercontent.com/a-/ALV-UjVZNOqRX0s71DSgaUxEQzXDCWbku4tQAYUnSF6TOLtkX10hyc4,it is very help full,4,2,1.0.0,2025-10-08 03:22:06,,,1.0.0,com.kompanion.glowin.android
16a6fcc1-693d-4be3-93f1-3911fc675c99,Mohammad Hasan Gouri,https://play-lh.googleusercontent.com/a-/ALV-UjU8PpJ45Ho82QHvn1pJsf7iG8HGEHRm5rDK1fUKBsuWVM5mgXjkSw,"This app createdbonly girl, nothing man use",1,2,1.0.0,2025-10-07 22:43:34,,,1.0.0,com.kompanion.glowin.android
02d689be-d7f0-469b-aceb-fc1f09be0cea,Bhavishya Bhavishya tanwer,https://play-lh.googleusercontent.com/a-/ALV-UjXb6oJf-22nd2wQMiQ-PjxfY4-mdPi9pOxyv6rC0lTtbt2JepB6,nice,5,0,1.0.0,2025-10-07 19:14:23,,,1.0.0,com.kompanion.glowin.android
769e050e-3ef1-4b2f-80b3-a03f34edbaaf,ANUSHA K,https://play-lh.googleusercontent.com/a/ACg8ocIDfD_UHkEiES7IMhxmi0QLemUwD-o8mlgvJY06eQ7-u0G2Zg=mo,good for life style,4,1,1.0.0,2025-10-07 16:31:54,,,1.0.0,com.kompanion.glowin.android
f974bf7a-4017-4b1b-b152-38890dee87b6,Fidha Anees,https://play-lh.googleusercontent.com/a/ACg8ocKdSiFpFQm5vOuEy9Nt0-1eee0ZyfCrjZQYyVa5KQt8RcORAw=mo,wooow 😍,5,0,1.0.0,2025-10-05 20:18:43,,,1.0.0,com.kompanion.glowin.android
5e059b8e-111d-4bfd-9d60-993c48c5afd6,Agnieszka Ochmanska,https://play-lh.googleusercontent.com/a-/ALV-UjU8i8YeXQ7yrssRpk2ZcNaD7JjBx4wROOAl830gvcZ_UJYJD6iW,excellent,5,0,1.0.0,2025-10-05 18:50:29,,,1.0.0,com.kompanion.glowin.android
4b0c0127-7054-4586-9a7d-94e31f80166e,vinay korrapati,https://play-lh.googleusercontent.com/a-/ALV-UjW4k6lOENIxY0gzwuPdn-WMMWutMzheO9ttl3zjX65Qp79Nuro,ok,5,0,1.0.0,2025-10-05 15:16:36,,,1.0.0,com.kompanion.glowin.android
f947ec41-8f04-4096-b32a-a6f83ba1577f,Sunil Panwar,https://play-lh.googleusercontent.com/a/ACg8ocISonMsBqVMJYCS7CtVTYeOfEmkuQAxBQCe1IkBpDnBXZZVGg=mo,best,5,0,1.0.0,2025-10-05 07:40:31,,,1.0.0,com.kompanion.glowin.android
e9d1033c-0623-44e4-9f0b-62ee5710f8a6,neha kalal,https://play-lh.googleusercontent.com/a/ACg8ocIRv5ky_0fwVJ_Aw_gJnUIUEzeCZjLMV6NvzJolKX-tIF284A=mo,Good night,5,1,1.0.0,2025-10-04 23:14:49,,,1.0.0,com.kompanion.glowin.android
8d28a03b-972f-4fd9-927e-1828ed133ae5,pinkal Amaliyar,https://play-lh.googleusercontent.com/a/ACg8ocLRWp6O-OO5DLM1oJqcOK2Hfw2pjb3Zg9yej5DA1xBstjP22Q=mo,very learning and life stly chenge,5,1,,2025-10-04 18:42:50,,,,com.kompanion.glowin.android
74e9fe1f-4ccf-41ba-b139-44b4ba2557fe,Santosh Meena,https://play-lh.googleusercontent.com/a-/ALV-UjUQvCFp__T770XcanaAyQ3WHPEtf8Uvf1zZc4RGs41xjIUIXt3y,good 👍,5,0,1.0.0,2025-10-04 18:30:33,,,1.0.0,com.kompanion.glowin.android
933c1f24-36a1-4e9b-a535-e35dbfae4ef5,Hima Bairu,https://play-lh.googleusercontent.com/a/ACg8ocLHCLqmdMiT1DHtb1HQPorDKM4WNxkrNzLi44p8GWZHY7sbrA=mo,paid app,1,0,1.0.0,2025-10-04 11:35:16,,,1.0.0,com.kompanion.glowin.android
e96b5bf7-ad94-4b87-9693-5d2ca4b70870,Pooja Kumari,https://play-lh.googleusercontent.com/a-/ALV-UjUSqKAywMfpIAZHDzKuBDgPwOJ-_u-vs56KH2HYEew542HuwUHv,not good,1,0,,2025-10-03 16:41:54,,,,com.kompanion.glowin.android
a8f3442f-b7e5-4464-9c35-6ceff4c73272,Dipika singh,https://play-lh.googleusercontent.com/a-/ALV-UjV86sN-jFFV02IwfEFgctpOr-xmVTIZyN8bOzdqyOUR2PaszCk,great app to start ur morning meke ur day worthy,5,1,1.0.0,2025-10-03 14:16:15,,,1.0.0,com.kompanion.glowin.android
edbf437a-5263-4086-9ef3-a9a65d3b7cb7,gungun gupta,https://play-lh.googleusercontent.com/a-/ALV-UjXJxcCETj2AA0TUBVpjq6Hk4ErBgAqqHY4H0s0UEyhNFufEmzZz-g,there is no option i found for deletion of a habit,4,6,1.0.0,2025-10-03 12:21:12,,,1.0.0,com.kompanion.glowin.android
97013615-3b83-45be-8b1a-6afb4aa41a29,Rihash Tripura,https://play-lh.googleusercontent.com/a/ACg8ocI8RkauFxqYjXYJMMIECxDz0ApIOIWu12uYp-opBG_yFSl7iw=mo,good app,5,1,1.0.0,2025-10-02 17:17:02,,,1.0.0,com.kompanion.glowin.android
ef4f0b1b-383e-4a4a-bad3-69063af01120,Mrs raziya Begum,https://play-lh.googleusercontent.com/a/ACg8ocIJHFJ41PS34bifOjmvlTGfTSKsDLgrCt0B6T73wF3n3qF-jg=mo,good,5,0,1.0.0,2025-10-02 11:42:43,,,1.0.0,com.kompanion.glowin.android
69f7660f-58f0-404e-a0ea-fce6690d60cc,Waseem Ahmad,https://play-lh.googleusercontent.com/a/ACg8ocIL5smTKALWMBhfzmFWz1XBlQz4oi9HPqU9HIub5OMF7a_3Bg=mo,good,4,1,1.0.0,2025-10-01 05:48:57,,,1.0.0,com.kompanion.glowin.android
08ac6354-2d36-4a75-85f4-80bdbf49ff5e,Manija mani G M Manija mani G M,https://play-lh.googleusercontent.com/a/ACg8ocL9qQMJmSdRoBE_r6drMZYd0ei5b4pLQRdmf8p2BMrT26EZUQ=mo,l❤️,5,0,1.0.0,2025-09-30 19:39:58,,,1.0.0,com.kompanion.glowin.android
f61a1315-f0fe-4a02-9ae4-fcd1a0c0f43f,Tanmay Tiwari,https://play-lh.googleusercontent.com/a-/ALV-UjXE6tfkOeYZ7OCP3i8QX0a4Hi4d2awuqbZncTFaKTzm38dtmsM,it's great,5,1,1.0.0,2025-09-30 19:37:10,,,1.0.0,com.kompanion.glowin.android
27ac93cd-c885-46b9-97f3-6cf26e08ed4c,Srinivas Reddy,https://play-lh.googleusercontent.com/a-/ALV-UjXMG5Svh0bkQGu2Sb4xYTsIX-cblVXqIMQwlRYjm82lQl6HzX0,nice,5,0,1.0.0,2025-09-30 15:51:31,,,1.0.0,com.kompanion.glowin.android
ccf19bbc-9d91-42b7-bae4-c0e10131026e,Ayushi singh,https://play-lh.googleusercontent.com/a-/ALV-UjWNcls23CiF-CIlCVgdAq9Evx_1xm0e3aXyMP4GKht15jw4hwUEfA,thank you so much 😊,5,0,1.0.0,2025-09-30 14:16:39,,,1.0.0,com.kompanion.glowin.android
379bcedc-e813-4a09-b50b-e6e11820a9f4,Arastu Banjare,https://play-lh.googleusercontent.com/a/ACg8ocIUeY8BTqRQsRYfuJ6IRHstIGFnonzrhuP0sTKSbbsQbzEPyw=mo,goood,4,0,1.0.0,2025-09-29 14:01:07,,,1.0.0,com.kompanion.glowin.android
5afdf9f7-ca3d-4e0f-a0d7-f285342f5b16,Samantha Melton,https://play-lh.googleusercontent.com/a/ACg8ocKUb-mqVSq_DsizKGqne0j2PUrOEBGgp7kPBYEKrCYrQmYZXQ=mo,can't add any of the pre made routines,2,5,1.0.0,2025-09-29 12:00:28,,,1.0.0,com.kompanion.glowin.android
5ab9edfb-e11a-42ae-ad5b-71ef657d8f6f,Sarita Choudhary,https://play-lh.googleusercontent.com/a/ACg8ocK020DL-ciCgWRWvi7EWGZ99yRsdk8nr9IQJlLdiDlBE550-A=mo,nice,1,1,1.0.0,2025-09-28 22:11:38,,,1.0.0,com.kompanion.glowin.android
981eb512-d507-4fd9-ad0a-e86b3c0dfc78,Rashitha Rashitha,https://play-lh.googleusercontent.com/a/ACg8ocIWBecF_FXneROcbWtX3YuUp0Gzq0lpGwxt-88yOH3IW56-ew=mo,"After finding out about everything, they tricked me and told me to pay only when they finally gave me the time table. If they had asked me to pay at the beginning, I wouldn't have waited patiently to get the shedule. it's too sad to meee 🫠🥺",1,7,,2025-09-28 09:34:14,,,,com.kompanion.glowin.android
740af357-0fa4-458a-a585-3bf3116b797f,Malik Mobile,https://play-lh.googleusercontent.com/a-/ALV-UjWQo9-61m8_LW8lcUEBsPc1j5LYNzKLnODIKRpMeJkZZmU_sfAG,good,5,0,,2025-09-27 22:45:56,,,,com.kompanion.glowin.android
6bdd9df1-21cb-469d-bb32-5319c7811d85,Priya Moorthy,https://play-lh.googleusercontent.com/a-/ALV-UjXZClqqp59L6tj1_12ggs1x-NP5Dh1n7NE-LZjUJlXgY7QqTdGX,good,5,0,1.0.0,2025-09-27 21:25:47,,,1.0.0,com.kompanion.glowin.android
ad6506d7-25e9-4109-a048-574002c48d8a,Jaspreet Singh,https://play-lh.googleusercontent.com/a-/ALV-UjXilushqL78UQGIqFmondk2huPCI9dLmjBWmh1LgByyBP06F0uSvA,I l9ve it,5,0,,2025-09-27 13:49:02,,,,com.kompanion.glowin.android
962d36bb-68f9-4e28-a20d-436c457d676e,Kunal mulik,https://play-lh.googleusercontent.com/a-/ALV-UjUGFtGqsB53w_I2bSnudoGXlUg_zsQXf30mwv-k3avFyJsQhaD8,good,5,0,,2025-09-26 15:43:22,,,,com.kompanion.glowin.android
67d2270c-99c6-4d4e-a581-a26de4bd6461,Star Preethi,https://play-lh.googleusercontent.com/a/ACg8ocIOeZ9lZoxFJgUX0Rk12pHwVWBtBFJVzSq92_iR9Tq2NDg2=mo,good,5,0,1.0.0,2025-09-26 13:11:13,,,1.0.0,com.kompanion.glowin.android
7dd98642-27b8-4601-a5e3-0e0b03b388fc,Kavyamizhi,https://play-lh.googleusercontent.com/a/ACg8ocIZogHZEMZJ3qTwESsXGz98jtgOWUCpcMp-10F9-uhxb-UGxg=mo,👍,5,0,1.0.0,2025-09-25 16:52:33,,,1.0.0,com.kompanion.glowin.android
13a52813-c664-4917-b445-c82bb3c91880,Mukesh Kumar,https://play-lh.googleusercontent.com/a-/ALV-UjUilWVW6m4CwutKQgTeFaf8dIjgtc4ZBFCnLTORioTRwB7zQYI,good app,5,0,1.0.0,2025-09-24 21:14:57,,,1.0.0,com.kompanion.glowin.android
77bd644a-ce02-45bb-9d7f-c8de99aa0698,sagar H,https://play-lh.googleusercontent.com/a-/ALV-UjUuPFkv2TWWFsEE8iXJalvxpNc_k8OXqPRUT0mFXRAlyBQgVVmB,how to I give public review now I installed this app,3,1,1.0.0,2025-09-24 19:34:15,,,1.0.0,com.kompanion.glowin.android
a8c7cc7f-afd6-44ea-bccb-aa612207d0cb,Madhu,https://play-lh.googleusercontent.com/a/ACg8ocLJjCDE-MenvWQRdM52oNvxoa3ofi7GmOzn-ust1eIODPh-9A=mo,nice 👍,3,1,1.0.0,2025-09-24 00:06:06,,,1.0.0,com.kompanion.glowin.android
1ddd7cc7-142d-4d5e-a1c5-09dab6e61d0d,Priya Jain,https://play-lh.googleusercontent.com/a/ACg8ocJRxOehCyWbl5jpVxrxmZ90esG-giHH5K9Efmj9kT6jWAmViw=mo,best app for your daily routine but it should be free 🆓🆓🆓,5,2,,2025-09-22 13:19:30,,,,com.kompanion.glowin.android
c9462164-d704-496f-af4d-09208a25f5df,Ajay Tamta,https://play-lh.googleusercontent.com/a/ACg8ocJOjbm72yppCX8mp5gNbGIbcrywrpXevLyxXfKYMeKtOEf1Tg=mo,👍👍👍👍,3,0,1.0.0,2025-09-22 00:31:27,,,1.0.0,com.kompanion.glowin.android
18ab6b66-b702-469a-b00d-2351326b3c4b,Patel Harsh,https://play-lh.googleusercontent.com/a-/ALV-UjXB25xutvM2Tpm0cWU1UKV_2G5MTrbCUWaX5_lkMGqMtfHxzYIg,ok,4,0,1.0.0,2025-09-21 20:57:00,,,1.0.0,com.kompanion.glowin.android
cefee2ae-9804-4c7f-8a1f-d45ba2e85fa6,Nishant Adhana,https://play-lh.googleusercontent.com/a/ACg8ocITcP5Gz8jSCoyWaCgXyC3t4J8cNH0HUvLema4tMYfyS2DiGw=mo,good 👍,4,1,1.0.0,2025-09-21 11:55:57,,,1.0.0,com.kompanion.glowin.android
f62c5d77-083b-4ab6-800e-291cb647c4fb,DEVIL FF,https://play-lh.googleusercontent.com/a-/ALV-UjVzeB-l9Y06cRz4R70XrvAa9rChSkpMGPogQC-Q7jr79-5vjzyA,good,5,0,1.0.0,2025-09-21 08:19:56,,,1.0.0,com.kompanion.glowin.android
0c137220-126f-4a6f-9b07-a0858a83cf73,Ajith Kumar,https://play-lh.googleusercontent.com/a/ACg8ocIbwCwuks-5lhccU5NEq9Qv4dXNqkVsbUebnIMP4GlztBctLQ=mo,nice,5,0,1.0.0,2025-09-20 18:54:54,,,1.0.0,com.kompanion.glowin.android
e00e933a-ca9f-47f3-a472-5a34a82ba495,Mamta Rathore,https://play-lh.googleusercontent.com/a/ACg8ocLUdCRjw82FXBXwbMyRCTULYbxUBV79cBaBOECYk1uYYkuysw=mo,nice,5,0,1.0.0,2025-09-20 16:25:45,,,1.0.0,com.kompanion.glowin.android
7fa91220-4247-4df7-bddb-a5b8d9f59965,Arshid Lone,https://play-lh.googleusercontent.com/a-/ALV-UjXyePyjTs_b4a0h-SlmhYPKicwdIEA9ObU4h8_oVfS9GUukCPg,"ask lot of questions, demerit paid app",1,3,1.0.0,2025-09-20 15:25:57,,,1.0.0,com.kompanion.glowin.android
35d6b8c6-eb26-4cce-81bc-aaf254910c83,Jaya Kora,https://play-lh.googleusercontent.com/a-/ALV-UjV6_-9WIKCPvVfD1dStzj2-gt0Yn6FqeuyHVDbVV5R8Mpcflci2,nice,5,0,1.0.0,2025-09-20 14:28:31,,,1.0.0,com.kompanion.glowin.android
b8fa5448-8c95-4f34-85f6-0c0dbae1f60e,Eleonora Autore,https://play-lh.googleusercontent.com/a-/ALV-UjUAehnZQfTViLmChfNoLLLEbLPkHfvsBhuDX3PLQtTgdxqROSQ,"no free trial as wonderful as the app sounds, I am not prepared to pay upfront for something I don't know will work for me. most apps have a free trial period. I was tempted by the swish graphics to pay for the reduced yearly membership, but at the moment that's all it is to me, swish graphics. so I'll continue using my usual app",1,33,1.0.0,2025-09-20 14:22:43,,,1.0.0,com.kompanion.glowin.android
4c793fed-4036-4c8f-a448-e0fa3916e0fd,Prashant Kadam,https://play-lh.googleusercontent.com/a-/ALV-UjXVBp8bZDRRZJpUDLTkcFAhCOlvvwyQ6aRORRB3E_fbRwDGi5TN,ok good,5,1,1.0.0,2025-09-20 09:14:01,,,1.0.0,com.kompanion.glowin.android
d635c6cb-c3fa-4f0a-9d69-209256a3c0ff,Mallikarjungowda Patil,https://play-lh.googleusercontent.com/a/ACg8ocKrk8GDLNCGp6nWkmn1NaUMAOsmrvv5kxyDm3wFBIJYOY-jmg=mo,superb,5,0,1.0.0,2025-09-20 07:52:16,,,1.0.0,com.kompanion.glowin.android
7e93c1db-6e96-49d2-b5c6-6c6041adb14a,White House,https://play-lh.googleusercontent.com/a-/ALV-UjUZEBLqEtiHTZjNp_Jbr_nasWwNAtOHfYD2SRyb7woWUcxqMTrzCg,waoooo,5,0,1.0.0,2025-09-19 22:10:43,,,1.0.0,com.kompanion.glowin.android
803d3292-4368-4bac-95e4-12e2d87c612b,Mukteshwari Ghuge,https://play-lh.googleusercontent.com/a-/ALV-UjWxOXPe9sV6CgJBaYJjXnyBEIGkSAg93cHkRg2hgY_SsxW1D_uV,best aap to improve our daily routine 👍,4,1,,2025-09-19 13:41:18,,,,com.kompanion.glowin.android
8102f548-ee06-47f5-9752-31514b8bb298,Narmada Dehury,https://play-lh.googleusercontent.com/a/ACg8ocLq_4Q22UYF3kSGtfurZlVHEmKC9XMF8MR6CwyjoDZl1f2AbA=mo,perfect,5,0,1.0.0,2025-09-19 11:26:42,,,1.0.0,com.kompanion.glowin.android
11336de0-219e-4690-8187-3f9926c597fa,Dudekula Giri,https://play-lh.googleusercontent.com/a-/ALV-UjXJPLmV8NPhzPqLxzC6nYpXHzhXUwtUlYQDD_wTMVCkzCKerJA,so useful,5,0,1.0.0,2025-09-19 10:36:00,,,1.0.0,com.kompanion.glowin.android
b9d0e184-963f-4731-b1ab-7265b18e22c0,Arvind Kumar,https://play-lh.googleusercontent.com/a-/ALV-UjWENPOOlqb0k5XoUm--mSDDX6axumReAJM_FXCHCOhp18fvsoJB,very best,5,0,,2025-09-19 08:32:59,,,,com.kompanion.glowin.android
1415357d-232e-4a57-aa49-6051fdad3593,Baishali Mishra,https://play-lh.googleusercontent.com/a-/ALV-UjUrfnbsTgZGLqzMWWZzvdJfG26Ut59cVOKbIq2FAex6JwNnvKxO,very nice 👍,5,1,1.0.0,2025-09-19 07:22:44,,,1.0.0,com.kompanion.glowin.android
2fdbd2bb-d262-41bd-81d5-2176c171b3ea,Tullu Kumar,https://play-lh.googleusercontent.com/a-/ALV-UjWC1RhMpcFu3Byxtt73HxCFXeZ1QVRnDMWDbEs4Po5s4Kmw-eGK,excellent,5,0,1.0.0,2025-09-18 22:38:15,,,1.0.0,com.kompanion.glowin.android
dc4fe544-65b8-4be6-9253-35e6747c588e,Ishwar Dayal,https://play-lh.googleusercontent.com/a/ACg8ocI5l5kGefsjbo51nvlYJWW65nTwSvIzeiO9MkDZIrMFC9f_zw=mo,good,5,0,,2025-09-18 15:49:55,,,,com.kompanion.glowin.android
ba5d9b75-6c6e-4de4-973b-d306494768be,Rangesh Kumar,https://play-lh.googleusercontent.com/a-/ALV-UjXaTR7KqaQlLPFUk_wmw0OheYU33aDma43DI-NfAbRPRMEqxBs,abhi nahi upyug kiya hu,5,1,1.0.0,2025-09-18 15:06:11,,,1.0.0,com.kompanion.glowin.android
a3e8eb6d-4e92-4233-8d92-d2ff6be45598,Muskan Koundal,https://play-lh.googleusercontent.com/a/ACg8ocKW4YsZ9e6rEJr_KZTyWuuxnG12yEGV_a_E8dZ0P3--oQfRHg=mo,amazing,5,0,1.0.0,2025-09-18 11:43:15,,,1.0.0,com.kompanion.glowin.android
85be3d56-7cd4-49de-9bb2-693c5dcf9b78,Sumit Nishad,https://play-lh.googleusercontent.com/a-/ALV-UjXk6b9AZqrxOHNf87vaWMyUFD7basew_a7vh9RkJuWwQz518EOj,good 👍😊,5,1,1.0.0,2025-09-18 08:31:32,,,1.0.0,com.kompanion.glowin.android
5fa63d54-854b-4712-b56c-1e6f4acac278,Sundar,https://play-lh.googleusercontent.com/a/ACg8ocLEZ6NU7nhLof8pxj1kg6MhE_IFUNjvcI_knhT1OPW24mjloA=mo,nice,5,0,1.0.0,2025-09-18 00:09:42,,,1.0.0,com.kompanion.glowin.android
5eae2783-99f7-419d-8314-1444621febe1,Shiv Shakti,https://play-lh.googleusercontent.com/a-/ALV-UjV5BkgfzBpbA7KaNMBI4OvW5JYpPBQHjy3mdd7PnsT-t2CC3z-4,very good very nice it is great,5,1,1.0.0,2025-09-17 22:23:12,,,1.0.0,com.kompanion.glowin.android
da976544-5c4b-4a45-a331-b1859f7c6abc,Vandana Kotapuri,https://play-lh.googleusercontent.com/a-/ALV-UjW4chc91wiEywwe2Bv9gm6aezwtZVZPvCePXH37Dp9e7Qg08pEc,igooos,5,0,1.0.0,2025-09-17 21:34:03,,,1.0.0,com.kompanion.glowin.android
1f65ed32-3ee5-4447-a6be-16c2552f2a77,Vikas Nishad,https://play-lh.googleusercontent.com/a/ACg8ocKtmmTCoAsgDES-r6Gt1Z0jrQSh0gulqZiTTbv7y65Dgyu9GQ=mo,wonderful 👍,5,1,1.0.0,2025-09-17 18:49:21,,,1.0.0,com.kompanion.glowin.android
12ab0392-dbfa-41e2-9808-78b4cef444b7,Kiranpal Modi,https://play-lh.googleusercontent.com/a/ACg8ocIX0aNDaxE6dnCjRY3tLXG-510-WufQ6fSEHS5aq60vOVUTnQ=mo,Good luck🤞🤞,5,1,1.0.0,2025-09-17 15:13:30,,,1.0.0,com.kompanion.glowin.android
ae293d89-a72e-4340-96dc-7c5ba2c53ce6,Aienla Longchar,https://play-lh.googleusercontent.com/a/ACg8ocJqLaOco3ddAe0pjrX4f8e7HtLJpr9WnTdy4-KzqKQkH8yHvg=mo,helpful,5,0,1.0.0,2025-09-17 13:07:33,,,1.0.0,com.kompanion.glowin.android
8ba4d00b-a982-4861-9957-40904a79f57d,Shifa Perveen,https://play-lh.googleusercontent.com/a-/ALV-UjXL8FWboERFTEuitmFVngZwq45IaM5fin4lJuBlX0i3tw6XppAu,super,5,0,1.0.0,2025-09-17 12:59:13,,,1.0.0,com.kompanion.glowin.android
7e9c026f-9e62-4c17-8a60-20ba6588247a,Jassi Pakhr,https://play-lh.googleusercontent.com/a/ACg8ocK1pHNq0Wsnt6Dnkg-JwiQG4XLyV_bqTd6EMU-P7KJdQnw2Qg=mo,good nice,5,1,1.0.0,2025-09-17 08:23:13,,,1.0.0,com.kompanion.glowin.android
00e5f278-a3f1-439b-a266-ca0bc5cfc83d,JRR NDC dileep,https://play-lh.googleusercontent.com/a/ACg8ocKA4pbZW7xiTb78B0Fv-vsmQkEfWogKZcWRE3isxkMI1-jUzu1A=mo,good of habits,5,1,1.0.0,2025-09-16 18:45:04,,,1.0.0,com.kompanion.glowin.android
4330b022-2c63-4d3a-a96a-974e00d7fa0d,Kiran mg Kiran mg,https://play-lh.googleusercontent.com/a-/ALV-UjWktLnFM10z411iXxqaDSvY75vYuYfk-9cC2D0S3np2nUsAFXU,super,5,0,1.0.0,2025-09-16 18:09:17,,,1.0.0,com.kompanion.glowin.android
0c5a8dbc-24cb-44a5-b382-340a13a51a7f,DILESHWAR NAIK,https://play-lh.googleusercontent.com/a/ACg8ocLtvafdg0uabzrHe8Y1D3vPS-On8sBWOS5dyeDHJd6UeDPcfgk0=mo,good,5,0,1.0.0,2025-09-16 17:30:50,,,1.0.0,com.kompanion.glowin.android
392417e0-7a53-4e38-b73f-9392e2f58ae0,Salman Khan,https://play-lh.googleusercontent.com/a-/ALV-UjX5xeoFjg3FqSUrhxxxpYC-czIHrKy610-nody4wWD-XYXckYBx,awesome,5,0,1.0.0,2025-09-16 17:09:08,,,1.0.0,com.kompanion.glowin.android
9e837145-6590-4c83-99d6-52a6c0262419,Giridhar rameshkumar,https://play-lh.googleusercontent.com/a/ACg8ocJaNCI3l08LLbKKs9OMqJmIp0KTIwfilwKBKY2KWB6d68SYYA=mo,not bad,1,1,1.0.0,2025-09-16 15:41:07,,,1.0.0,com.kompanion.glowin.android
69f113ed-eeef-44dd-9bb3-7dc8191660c7,Anuk Thomas,https://play-lh.googleusercontent.com/a/ACg8ocI88gOKDeeXfWjQpfWPnUx3w-HZiXmGqDWlRVovTE5O6nl-7Q=mo,good,5,0,1.0.0,2025-09-16 15:10:38,,,1.0.0,com.kompanion.glowin.android
d12595ed-6059-4e5c-b650-5f91c61df090,Shivarth Gupta,https://play-lh.googleusercontent.com/a/ACg8ocL0l5M1XvzDnemPbdE5fizF7TTKvVIwBA-5bhulzjOsOyMi4Q=mo,good,5,0,1.0.0,2025-09-16 14:17:08,,,1.0.0,com.kompanion.glowin.android
2dda36b7-a1e3-4584-ba2b-586084012108,GreenFlashAtSunsetッ,https://play-lh.googleusercontent.com/a-/ALV-UjVVVg1T_-yprBzg2Vrv-hJK11TOUDpmKdbIoAV2O9tXrhtTXBE,The setup and the splash screens and the introduction questions and tutorials all leading up to the payment for premium were so annoying it made me want to tear my hair out. and there are all these banners and popups forcing me to get premium when i hadn't even got the chance to explore the app yet because it's so cluttered,1,24,1.0.0,2025-09-16 12:06:25,,,1.0.0,com.kompanion.glowin.android
c96e2248-cad9-4647-8287-19831a14eca8,Varsha Katrodiya,https://play-lh.googleusercontent.com/a/ACg8ocIy_6BNV2eHuyG03fNiUUw_RuLsZMX8EbvWiRMISchobOPtxA=mo,good,5,0,1.0.0,2025-09-16 09:01:55,,,1.0.0,com.kompanion.glowin.android
4e82c763-b2aa-41d3-9dea-bca7d4bb380a,Raviraj S,https://play-lh.googleusercontent.com/a/ACg8ocLf0d8Pso2q0dyEK2QCG8ROTV1_swnt_p6Fwn96OAJf4mV73hU=mo,ok,5,0,1.0.0,2025-09-16 06:38:21,,,1.0.0,com.kompanion.glowin.android
24afa90b-280a-4987-936b-169e17ed22e0,Ellyss Rance,https://play-lh.googleusercontent.com/a/ACg8ocKQn64iz_UDhUVtpObVrYJJppBBH1iMhAFgzYR-kzXgZsMwXA=mo,ye it really work on m£,5,1,1.0.0,2025-09-16 04:53:18,,,1.0.0,com.kompanion.glowin.android
6e138b16-029e-4476-a7a1-4fe467fe61f5,Sivaji “Sidhaji Rao” Rao,https://play-lh.googleusercontent.com/a-/ALV-UjVJhZqpeW57-xI9Gbj0Zdmm_YmReM5KhAaKxiS-x5ED-U85zlBW,😃😃,5,0,1.0.0,2025-09-16 01:46:20,,,1.0.0,com.kompanion.glowin.android
3460fd4f-ceed-40e4-863e-51d37e836870,Aniket Salunkhe,https://play-lh.googleusercontent.com/a-/ALV-UjVgbo3o_T4Bt9jBCB9lq_LbxiXn9q4WeLBC4XDYHJBHlHeIszsC,so निषेध,5,0,,2025-09-16 01:05:23,,,,com.kompanion.glowin.android
00dcc246-3b6c-44db-9d1c-b3c93e4b83f5,Sofi Khan,https://play-lh.googleusercontent.com/a-/ALV-UjX2xtYurWc_RvqlPAfUFfQQJCyYd85XCNYHRh51b42Yfv8MVlM,good,5,0,1.0.0,2025-09-15 23:45:13,,,1.0.0,com.kompanion.glowin.android
0f5ade75-b592-4431-8cd7-61e2eee8fac6,Roshni Arjariya,https://play-lh.googleusercontent.com/a/ACg8ocJGlRx94nYLHXGsLnCa34Zkxyk1H08d9pa2unGl5QJFJsHkgQ=mo,😁😁😁,5,0,1.0.0,2025-09-15 23:14:27,,,1.0.0,com.kompanion.glowin.android
a09c483d-c03d-4db1-92c2-d984b202e471,Murugesan S,https://play-lh.googleusercontent.com/a/ACg8ocJ6n7BWZXrE9B4tVBbL49aXYXVf2kPTSWwZ-DnmNZsK6nYm6w=mo,i Think It May Be Work,5,1,1.0.0,2025-09-15 22:54:04,,,1.0.0,com.kompanion.glowin.android
980351d0-065a-451e-9cfe-0bb2983398f1,keerthana,https://play-lh.googleusercontent.com/a/ACg8ocKcifr7jucws-mo7OMqHXGOs95Fn36Aj39Q3Fuu-hNzN979fw=mo,good,4,0,,2025-09-15 22:08:09,,,,com.kompanion.glowin.android
929946a9-a76c-4cdc-ab65-fcfa4ea9b7fc,Sahil Khan,https://play-lh.googleusercontent.com/a/ACg8ocKG0N9RrlM9NpcoOe2OzUehuGM_DPAB1IEUcxDJV8taCzilNg=mo,good app,5,1,1.0.0,2025-09-15 20:40:29,,,1.0.0,com.kompanion.glowin.android
fb69a8a3-91fc-4024-ab7d-f6770ad578c9,Jitendra Adey,https://play-lh.googleusercontent.com/a/ACg8ocLiSQ3FT_DbbKqcPytV2gZzYeNp_rscFzre_2Nc7ySvngHauA=mo,best,5,0,,2025-09-15 18:45:46,,,,com.kompanion.glowin.android
8f41339e-0909-4797-9338-6db7e9e9815f,Shakil Ali,https://play-lh.googleusercontent.com/a/ACg8ocKDGCg9XWhyg4AoMkNzT3aOaPxe-MbFwDZ4wA4viUZFZsNL=mo,nice,5,0,1.0.0,2025-09-15 16:28:11,,,1.0.0,com.kompanion.glowin.android
4f77a598-fa25-403f-afac-b83918e24a8d,suck me,https://play-lh.googleusercontent.com/a/ACg8ocKoqXyAxN2gA8Yb-fbtZQylK_ML-ZVrZdVZ9UAR0R4DtRazTw=mo,idk if its nice but haven't try it I saw it so relaxing before so pls make me comfortable in this app,5,3,1.0.0,2025-09-15 16:21:57,,,1.0.0,com.kompanion.glowin.android
87598d75-be2f-4ce2-89f1-a53e4db66d5b,Mir Iqrah,https://play-lh.googleusercontent.com/a-/ALV-UjW2QzdfEjFVk7eoyrNPbzTQoYFTSrGSEXHudCqQ9NFfGy0Y_5E,Best app for growing,5,1,1.0.0,2025-09-15 15:44:17,,,1.0.0,com.kompanion.glowin.android
55977cd3-911d-41b2-9c9b-fe196a88e373,Baraskar Shivam,https://play-lh.googleusercontent.com/a/ACg8ocLPb914ejdxHuYYSB9YbXcouMBK6FI3Qn3KtXL6rZV65EV2Aw=mo,change my life totally,4,3,1.0.0,2025-09-15 13:07:25,,,1.0.0,com.kompanion.glowin.android
0fac4ffa-078c-4d90-b050-e526e7fc28e0,Anushka Gour,https://play-lh.googleusercontent.com/a/ACg8ocLx6bXkNnes_o7eteNMYpb5Sqyx7AqtKEq8aSKive6iHZb64AM=mo,very nice app,5,1,1.0.0,2025-09-15 13:03:25,,,1.0.0,com.kompanion.glowin.android
e69c7c34-2234-4a6d-8183-90375b564669,Sonali Ambhore,https://play-lh.googleusercontent.com/a/ACg8ocKMNqqKN2eH0IMNDO2UA-elvB8ozAc00N_tyqgPw-s2iuH8eg=mo,best,5,0,1.0.0,2025-09-15 12:55:06,,,1.0.0,com.kompanion.glowin.android
cb8f3d98-4d9f-4d66-93ac-bc11c1cfc03a,Vani b k Vani b k,https://play-lh.googleusercontent.com/a/ACg8ocIeXNGkUr1vU67IoYGb0xt_Xpgeq_TkYqczr54SlwJPqH9f0g=mo,super star,5,0,1.0.0,2025-09-15 12:01:25,,,1.0.0,com.kompanion.glowin.android
adb0c4bb-e300-4a94-9609-72a81ca50b7e,Ashly Alunor,https://play-lh.googleusercontent.com/a/ACg8ocJ-5XEo_sICAF3YK5sr9XXYeO4iWQPx6n7T7eE4Ci1i4IiN2A=mo,good life,5,1,1.0.0,2025-09-15 08:51:08,,,1.0.0,com.kompanion.glowin.android
b7ffdf67-81ba-4781-b89c-7e4608672ea9,Ayush Verma,https://play-lh.googleusercontent.com/a/ACg8ocLDK7fvDGWP-COJv8FjaKrwOHOADWfiIE0_6SfMq_900zMJTw=mo,good,5,0,,2025-09-15 07:42:09,,,,com.kompanion.glowin.android
e8ca4e2a-09b0-4b8e-9c8c-9a4bd2dbc987,Marlapame Olbenario,https://play-lh.googleusercontent.com/a-/ALV-UjWyHTz-q1brzS8GJyNhayMvd8j0JWEf3noGrQlSA-qdOAXgEso,this app is good,5,1,1.0.0,2025-09-15 05:13:44,,,1.0.0,com.kompanion.glowin.android
fc39e399-f6d7-4f21-8de8-caea64dcc160,Sujal Shelte,https://play-lh.googleusercontent.com/a/ACg8ocLZNwUcUyzYFynyYxOOZ1b6h_jZePoTmgOKT0iXiEcEFidCOw=mo,very good app,5,1,1.0.0,2025-09-14 22:05:54,,,1.0.0,com.kompanion.glowin.android
a551202d-a212-4a44-b160-66a31979adb7,gajendra singh,https://play-lh.googleusercontent.com/a/ACg8ocJVqgq8SQb86qYa0U3f5nTw8heLFpN-mPxi4_XYRJtzSVPzARO2=mo,this is the best app ✨🎀🪞,5,0,,2025-09-14 21:16:49,,,,com.kompanion.glowin.android
c2a01fe3-6d97-491e-b82d-532d7b7bab8f,Veena Hegade,https://play-lh.googleusercontent.com/a/ACg8ocK_pExD5jT3mRNOuU-JDM1Dkc1cmfhiqKitr6eyUiALwAiHXw=mo,but I am saying this app is comfortable saying four me,5,3,1.0.0,2025-09-14 20:55:34,,,1.0.0,com.kompanion.glowin.android
d382294c-a0ce-4e3b-bf01-60892d92a63c,Manda Laxmi,https://play-lh.googleusercontent.com/a/ACg8ocLVV6z9qLamQFe3HDe89DxliQeWjCLB24sVwizhypCbUHs6XA=mo,nice☺️,5,1,1.0.0,2025-09-14 20:04:10,,,1.0.0,com.kompanion.glowin.android
e719d098-7329-44ce-8f4d-b0fbc3c1dbbc,Moumita tikader,https://play-lh.googleusercontent.com/a/ACg8ocKbP4bu4YClgD0CaaMmGdYo9teyzCquhr06n3wTyMc1dZk7OQ=mo,nice 👍,4,1,1.0.0,2025-09-14 19:00:45,,,1.0.0,com.kompanion.glowin.android
7329507e-369a-4b6b-9ecf-cb9026c0b33c,Alliah Yamaro,https://play-lh.googleusercontent.com/a/ACg8ocLPX-Ve-cEndgrgPfKylQSMqFxdLYlWbCL6pIo1FoaFKlvCww=mo,i love it apps,5,1,1.0.0,2025-09-14 18:50:53,,,1.0.0,com.kompanion.glowin.android
572d2233-746c-4bab-bea6-321abf569435,Ambaraya C,https://play-lh.googleusercontent.com/a-/ALV-UjVEepsFNaRzpudpgU2wUOvYDAmupE9z3xv9mWGfZ8NrIQnaG8T7,ok,5,0,1.0.0,2025-09-14 18:28:52,,,1.0.0,com.kompanion.glowin.android
9c3432f6-b7b4-413a-8025-c2fdfadc93e4,KanalaSusmitha Reddy,https://play-lh.googleusercontent.com/a/ACg8ocJbrBMPBhNfQ2nzHg3pg1R-6WcMVzffFSKkkZEsn7k0Rw1opw=mo,Nice 👍,5,0,1.0.0,2025-09-14 17:43:49,,,1.0.0,com.kompanion.glowin.android
344b9f6d-8e61-41d0-b1b6-2d23e2c1360d,jevy picot,https://play-lh.googleusercontent.com/a/ACg8ocK0lE-4HO-i_H31S87_RAnOw_kO1DDPPhHZdBRepcy9VH388w=mo,good,5,0,1.0.0,2025-09-14 17:42:02,,,1.0.0,com.kompanion.glowin.android
8e7421b9-6a77-47e3-b519-13f2ed268dfa,Sorathia Payal,https://play-lh.googleusercontent.com/a-/ALV-UjXJoujOT70gi8IhbmJqQ_eD0zQ27EruRRDrR7Iwlt1xRUjfNy6i,install to kri liyaa lekin start hone main 1 your lag raha hai bakvas app start hoto use kre naa,1,2,1.0.0,2025-09-14 16:28:19,,,1.0.0,com.kompanion.glowin.android
7fa1725b-a3ed-4adc-b52a-a6c3501e5654,Syeda Laiba,https://play-lh.googleusercontent.com/a/ACg8ocLFiwz-SPTTVT8hCZ55Q6D36A1S4tluvrfKtp6hUueIB1O3ug=mo,phele app to use krne do bhai 🤣,1,0,,2025-09-14 15:01:29,,,,com.kompanion.glowin.android
109db442-1b5f-4c89-afa7-ca6916aa6d9f,Rudrasankar mallick,https://play-lh.googleusercontent.com/a/ACg8ocKhUBoinh55WBbHZyAo9_znTLaBeHC6Qmov76SGgFGA6sWSSA=mo,useless 😡😡😡😡😡😡😡😡 app,1,0,1.0.0,2025-09-14 10:21:57,,,1.0.0,com.kompanion.glowin.android
93bb645b-080e-488e-bf0a-05d465b29ca4,Shilpa Bhatt,https://play-lh.googleusercontent.com/a/ACg8ocKcCL3dXp9MN28wPe_4Cj17dLkZm2wsbJNDXFwl-5_doy42=mo,more effective,5,0,1.0.0,2025-09-14 09:12:53,,,1.0.0,com.kompanion.glowin.android
ca1cae58-d819-476b-b7db-7b73f3ecfed8,RATHEESH K A,https://play-lh.googleusercontent.com/a-/ALV-UjUSkdO0l7zZbvpWF9vcRnGLKi-Xtu39iFLXqhKsN_akjTtROyWC,nice,5,0,,2025-09-14 08:18:12,,,,com.kompanion.glowin.android
afc680fd-a0ca-4ef4-a9cc-896f85b303e6,Shaheena Siraj,https://play-lh.googleusercontent.com/a-/ALV-UjUxDHSQ4pxdFpXpuCwACSMhamLckty0Sfh_1xqc0qBGrhy-6iEL,really Iam ready and I am very exited❤️🥰,5,3,1.0.0,2025-09-14 07:42:22,,,1.0.0,com.kompanion.glowin.android
b2f33266-5f81-471e-801f-a10e535e6c3b,Jamaica Tadena,https://play-lh.googleusercontent.com/a-/ALV-UjVsTON6AZ4g1j2KNJ_kCWIobrcVzp4WkW64e3scNWp-I6iptu09,Fantastic,4,1,1.0.0,2025-09-14 07:10:23,,,1.0.0,com.kompanion.glowin.android
08da4e0d-1424-4c09-bca6-6c8a6578bed9,Regine Laureano,https://play-lh.googleusercontent.com/a-/ALV-UjUaOu2JnIKmITpiBuo0btk6xWQOVOKOKjYG_ZP2jLQgaRAq-dN5,recommendable but internet needed!,5,8,1.0.0,2025-09-14 03:32:37,,,1.0.0,com.kompanion.glowin.android
703b0e83-a790-41b9-adc7-e21973b4d2da,Anjali Yadav,https://play-lh.googleusercontent.com/a/ACg8ocLwX9339AfPOUl4CnCUH_Nz4awqIhOZ0KdQqXlzutV8fOG7KQ=mo,nice app,5,0,1.0.0,2025-09-13 21:42:58,,,1.0.0,com.kompanion.glowin.android
b32fc637-4a96-486a-a12b-78f7903cd6b1,HERITA SOYEE,https://play-lh.googleusercontent.com/a/ACg8ocIfGaggVkCAe4zPBgFHIQg_5VqZFHgpgqQ5TcgCzpJIqLe0uw=mo,Nice,4,1,1.0.0,2025-09-13 17:44:57,,,1.0.0,com.kompanion.glowin.android
f9e853ae-7491-4481-aee1-8872012588e9,Mary rose Manatad,https://play-lh.googleusercontent.com/a/ACg8ocJj7Cs5p9l6feX0oKu_ths4YZ8Nv2PdttOlZZmZXh5gFyclTA=mo,super ganda,5,0,,2025-09-13 15:51:46,,,,com.kompanion.glowin.android
77ebaefe-59d8-41d2-afd5-fc05427d6e97,pawan Sharma,https://play-lh.googleusercontent.com/a-/ALV-UjV4-L-0CJucTtOoreltj6vkvDND6He34ycdwgZzQqmG6PEF0A,helps in making my life productive🌷✨,5,5,1.0.0,2025-09-13 14:48:06,,,1.0.0,com.kompanion.glowin.android
49f978c9-e4e4-4fb3-a6ed-744830f237ee,manpreet kaur,https://play-lh.googleusercontent.com/a/ACg8ocJXhv4cuQ0OB53xBTkMWCTYXyzfelpK1B07sRqOGZpDE87PbQ=mo,use ta kr lyi ae phla hi star devage install hi hn kti a app hale,1,1,1.0.0,2025-09-13 14:20:35,,,1.0.0,com.kompanion.glowin.android
5d272672-9603-4b69-8c04-9682499c2f77,Nidhi Kumari,https://play-lh.googleusercontent.com/a-/ALV-UjWeTYeUUpKohOf7zQ4tbxGrn_2lZK1-oVpuBAco1yGOnV21eFM,good work,5,3,1.0.0,2025-09-13 08:34:51,,,1.0.0,com.kompanion.glowin.android
513df9e1-5c30-4165-bfb7-4feb91d5c632,Vanessa Singh,https://play-lh.googleusercontent.com/a-/ALV-UjVRzsnh90hy8JMeKutGcgv2tCxAChqb9v5dUhWNRQ4FU3v0OFGl,Can’t add more devices to the app,1,0,,2026-02-18 19:21:39,,,,com.llmobile
288794f5-832b-4946-9e8f-1fc1e0978d46,Rosanne Whittle,https://play-lh.googleusercontent.com/a-/ALV-UjUO0YUJiQ-L_XTDdlp0CvMeQFt1lCs5HMNtDwHEFK_VlgBJy1s,I cannot get the app to work since you've created your latest version 🤷🏻‍♀️,1,2,2.1.1,2025-11-30 20:31:12,"Hi Rosanne, We apologize for your bad experience. Could you please update the application. The older version has some issues that we have fixed. If you still face any issues, please contact us at info@lifestylerewards.co.za.",2025-12-17 18:47:48,2.1.1,com.llmobile
96d519d3-c3ca-4173-8d6d-395d7b531289,Shaun Watson,https://play-lh.googleusercontent.com/a-/ALV-UjVqhIFN-dvE8f8uXDNgXQHV9W_cokL3ThhV37MgE0gqKa5ESBDn,"unable to select from the drop downs in registration, please fix",1,1,1.21.3,2024-10-21 11:29:28,"Hi Shaun, thank you for much for your feedback. Please note that our development team is working on a fix for the registration drop-down menus that will be available in the next app update.",2024-11-13 12:29:49,1.21.3,com.llmobile
6af6ef89-eae5-4429-9e87-f0cf452c5f3d,Chell M,https://play-lh.googleusercontent.com/a-/ALV-UjVOP3QlSF2fdjv2rbOug-vHHboLxDtZvxyrpc3CQa2mmB6yQrqa,"Cannot update profile info. When you select the drop down, it doesnt select anything or scroll down to your selection. Apparently my gender is male and I am born in 1920",1,0,1.21.2,2024-09-03 13:32:07,"Hi there, we understand your frustration with this issue and our development team is hard at work getting a fix ready for the next app update. Thank you for your feedback!",2024-11-13 12:35:49,1.21.2,com.llmobile
b2fa19aa-c6c7-4291-a993-04fe9be925e3,Candice McLachlan nee Kieck,https://play-lh.googleusercontent.com/a-/ALV-UjVxE1i0uLXu2IH7ZAUMJPO82PmYY6LCgvDZhizJ6mZhCKDkYp4ydg,Can't scroll on your drop down box so how are we supposed to select the correct province or date of birth.,1,0,,2024-06-08 14:12:41,,,,com.llmobile
e9f46772-abb8-4e9d-89e1-d8a8bdae4acd,Sifiso Nala,https://play-lh.googleusercontent.com/a-/ALV-UjWQ-rJ4t42EhDCcpzh5r-vZGsGPJobd5sAS6YPXLIdCj_Skckp9dg,Not functional. Can even insert my d.o.b. starts from year 2000. Really?,2,0,1.21.2,2024-05-09 22:30:50,,,1.21.2,com.llmobile
d4d7c328-575a-456c-be38-1f8c35a41e19,Marushka Ramlakhan,https://play-lh.googleusercontent.com/a-/ALV-UjWfc0gzEEJD3x_442D1Wju1LSbBQqRRPci2ta40yjHwXUeY4fQ,Awesome app easy to use.,5,0,1.1.0,2024-04-16 07:13:28,,,1.1.0,com.llmobile
483c420b-b14c-49ba-9c90-1623df254b50,Kabelo Marumong,https://play-lh.googleusercontent.com/a/ACg8ocLXdRekIHWGHhqY0zPQzZRzsCE6kjWsQyDNoWyZBWqklSvIPg=mo,"Your app doesnt work at all very poor, try to regiter profile doesnt work keep saying updated but not",1,2,1.1.0,2023-08-23 14:33:24,,,1.1.0,com.llmobile
023704f9-8d87-4764-a82f-89294edbc1d4,Nkanyiso Buthelezi,https://play-lh.googleusercontent.com/a-/ALV-UjWl57n88AQVlHt194YFOY0JDzkcojPgt8pm34-NhcGrMYoSLqI,Effective and efficient,5,0,1.1.0,2022-11-23 18:11:30,,,1.1.0,com.llmobile
0931659d-7ddd-46ca-8583-aa259f417606,Ahmed Kathrada,https://play-lh.googleusercontent.com/a-/ALV-UjW0U7U92JKtNk1DzFNzfwU33jnRF737Xv3P6toYPWGIF7HagH6D5g,Last update July 22,4,0,1.1.0,2022-07-05 10:43:10,,,1.1.0,com.llmobile
258f81ad-c9b3-4f21-8984-5a4b4156fd64,johnny snyman,https://play-lh.googleusercontent.com/a-/ALV-UjU7fUIGBz2DgR7zEBfzWoLhbYr8RJoTmxl9V7UbX7eopTMd9F4Gcg,Very good 👍,5,0,1.0.7,2022-06-05 18:10:09,,,1.0.7,com.llmobile
aee0c540-413b-4f55-8470-cc11707763e3,Jacqueline Crighton,https://play-lh.googleusercontent.com/a-/ALV-UjUvG5xpYch9tsWlERvRNXfZoopXTAYvIyuUixOw0Lq9FkGiTT2XzQ,Love it,5,0,,2022-03-28 22:36:14,,,,com.llmobile
f470681b-b17e-4033-9cbd-1a92d29e05a2,Thabang Nkhabu,https://play-lh.googleusercontent.com/a-/ALV-UjW4QddoFMk57yK3t0uh5gPNzH4TB_DjTX4iK8_rFtocQAAwo4i_,I cannot link my MasterCard to my profile please help,1,0,1.0.7,2021-12-09 18:00:51,"Hi Thabang, Thank you for reaching out. Are you still having the same issues? please let us know so we can assist.
",2022-01-31 19:26:41,1.0.7,com.llmobile
6c2f7117-dae1-4bf7-a884-caedded6d3ea,Ralitsa Jabbar,https://play-lh.googleusercontent.com/a-/ALV-UjU1Pf8m1VY0Ck2ckxmngTEJ_958uj7l9nDSlNiHmwrt3qWbSylY0Q,"5 star is nothing, I rate The Leonardo 7* Amazing place for children adults every one, incredible service. What can I say Waw. I personally love it, is absolutely adorable hygiene, no words can ever explain, BUT EXPERIENCE WILL APPROVE WHAT I'M SAYING. WELL DONE LEGACY 👏 ✔",5,1,1.0.7,2021-12-03 13:33:32,Thank you for taking the time to write this review. Your kind words encourage us greatly. Happy shopping!,2022-01-31 19:27:10,1.0.7,com.llmobile
eaa55cc3-7780-4c8b-93aa-1ef470618105,Ashley Gericke,https://play-lh.googleusercontent.com/a-/ALV-UjVDPBO6RKPDYYMwapTbd9_mnG1CyVONDlXoGHqAa5cunVLGkFY,App doesn't work. Get json error when trying to register,1,1,,2021-09-01 20:02:02,,,,com.llmobile
708dd623-8e3e-4f04-8f03-b70f0235c38f,Ash Heyde,https://play-lh.googleusercontent.com/a-/ALV-UjWY8lxZah835dAcLhJPPnuYCywycFZIrlvVcsv_98r_NrHwIa9Z,Great rewards at your fingertips🏆🎉,5,1,1.0.1,2021-08-27 22:49:40,,,1.0.1,com.llmobile
aa4a0e0c-58a7-4818-af3e-a9219f39e9b0,Simone Muller,https://play-lh.googleusercontent.com/a-/ALV-UjXC3cKSpKZYerzpdJeXlFhea2t5PQo97P3he_Du1NoTjZic8c4M,Great experience on the app. The look and feel is simple yet attractive. Very user friendly and easy to navigate. Gives you all the info on the partners and you're able to convert your LR's to Dis-Chem Benefit Points through easy steps.,5,10,1.0.1,2021-08-27 14:50:47,,,1.0.1,com.llmobile
dfeca2a0-011e-4e3e-aa8a-67102343edcd,Thato Moalosi,https://play-lh.googleusercontent.com/a/ACg8ocKu7lxWSrv_179ZPpikIoL2wb3sH3SQq8H3P9J6Tj4VaryQrw=mo,This is a great app ❤ easy to use.,5,1,1.0.1,2021-08-25 16:18:14,,,1.0.1,com.llmobile
c1516e69-196c-4f74-b1a9-54ac86a7ecde,Sandy Monyela,https://play-lh.googleusercontent.com/a-/ALV-UjUxiJoi9gse4XWs4RmwE5PIAyDpbumajhizTMnoOYqVz4SkEpg,"I love the app, was able to check each partners website and can also buy online, the best part is to convert my points to Dis-chem... 😀",5,1,1.0.1,2021-08-24 13:21:43,,,1.0.1,com.llmobile
0399f5b7-b561-4375-bd40-c04de533dc4c,Andrew Ehmke,https://play-lh.googleusercontent.com/a-/ALV-UjWCaMAJwgIts8_0HePOgNGLYUkAPtZTiXqDi8W8oN5PB1tglp9_,"I love the new look app. It's simple, intuitive and is perfect for managing my Legacy Lifestyle account!",5,5,1.0.1,2021-08-23 22:26:04,,,1.0.1,com.llmobile
5fc526e0-e183-466f-967a-229368c48e34,Cristiana Nunes,https://play-lh.googleusercontent.com/a/ACg8ocIdjoVYVIxPvup6onObachiMCDsPF9uqY32DaGRHV2H6gWJJQ=mo,"Very user friendly, love the greenbacks partner",5,1,1.0.1,2021-08-23 20:19:39,,,1.0.1,com.llmobile
c7b5f724-9383-4ded-907b-b652b8b773ad,Michelle Moyle,https://play-lh.googleusercontent.com/a-/ALV-UjX3gwHpATmrK5hN2kTWiZdHpmfxq7CbwMcB_-JKufo5hqJYsVkAvA,"Love the app - slick design 👌 easy to navigate, great dashboard to manage my account 👏",5,1,1.0.1,2021-08-23 20:10:49,,,1.0.1,com.llmobile
1cf01ce4-5463-431d-9288-65d043e082f6,Pascale Prinsloo,https://play-lh.googleusercontent.com/a-/ALV-UjW4lBgCYekSMor_slzThaeJb1Izcmd2KFLokki0hhdbHmOhKGoJWw,Great experience 👍. I was able to convert my Lifestyle Rands into Dis-Chem Benefit Rewards on the go. It was simple to understand and navigate. I could view my transaction history and balances. Overall a great loyalty app experience.,5,8,1.0.1,2021-08-23 20:09:02,,,1.0.1,com.llmobile
ab18da76-5af2-4a79-a478-fb7faf9bd12c,C,https://play-lh.googleusercontent.com/a/ACg8ocLJJa_g7yVByFce1iV6RS0ZLONxy4ixaCmqNjyDGn_h3EtgTg=mo,"Would be great if I could change my birthday, scroll through numbers, or if there was any description on the points program.",3,0,98,2026-01-10 03:28:14,,,98,com.ghost.lgnds
ad5ed0bb-afa9-4ae6-896c-81ac92845f5d,bobby mills,https://play-lh.googleusercontent.com/a/ACg8ocKoI-ocif2loJxpXkvYE4Pk-Bv8Tn8_cN3R55I8U_zQ7RIz3A=mo,app seems to have issues. won't allow me to redeem points,2,0,98,2025-11-14 01:57:33,,,98,com.ghost.lgnds
5289a4bb-dabf-4db5-a007-cd6ea02075e4,OneStopBopShop,https://play-lh.googleusercontent.com/a-/ALV-UjUr-nGEsNXPQfDnJQMzdbDFPeL2HLK1YZY4mmxbXTYRhfLT-1iW,Can't select my birthday because the box refuses to scroll.,2,0,98,2025-11-13 13:54:13,,,98,com.ghost.lgnds
3c3f41d5-2589-4b46-b29a-1a38e22f1e91,Turtles on a plane,https://play-lh.googleusercontent.com/a-/ALV-UjUBLBSfycFkcqjiRJ6P_kKx-c-MqyFdXrTSFMrNTHFcpMdvUMW2,Exceptional,5,0,97,2025-09-19 00:33:14,,,97,com.ghost.lgnds
285b8807-3b65-40f1-9af9-141b89d550e9,Steven Unversaw,https://play-lh.googleusercontent.com/a/ACg8ocKSME7fQkL8qfjNw7zCsyBtq9FGFslDjKPiRBSX_vFFrWl-cA=mo,It’s a little slow,5,0,97,2025-09-15 21:12:55,,,97,com.ghost.lgnds
39e6fa57-fcc4-4b63-b947-aa0a41091050,jerry stogdell,https://play-lh.googleusercontent.com/a-/ALV-UjVXY5YBJQFcRc_LY02U80X6Z9OuoJ_wBdqQzJmvwCZ25z5uA8Qh,"by far the best energy drinks on the planet,orange cream is the best(plus it dont hurt most of the flavors are all my favorite candies) I dont think a resess pb cup would taste good as a energy drink but its a thought for a future flavor..",5,0,95,2025-08-28 00:18:14,,,95,com.ghost.lgnds
d9898e0c-2597-4768-943f-d07a8a948fe9,writer434,https://play-lh.googleusercontent.com/a-/ALV-UjV_Z22-OkUqGCDr48ZtBc4caiX6gmYhCAoh03Cc-p1QdCnHZFaL,Downloaded it after seeing an article saying the app was the only way to get a new item. Only to then be told it requires entering a raffle for a chance on an early release. This felt deceptive. The prices on the app are also more expensive than buying the products in store.,1,1,4.3,2025-07-24 02:50:51,,,4.3,com.ghost.lgnds
d4576df3-3391-4c0e-ac39-bed388cdc64a,Justin Killian,https://play-lh.googleusercontent.com/a-/ALV-UjU2BWyDLyrhgxCc9F20Ftd6Vy6lU-Krb8AQZmKXVsGektPpSZo,only thing I use the app for is their raffles and secure a cans and 90% of the time the app doesn't load these 2 features.,2,1,4.3,2025-07-17 22:35:01,,,4.3,com.ghost.lgnds
9dba3f6f-d4ed-462e-9af3-d7619b57b5e3,Ryan Mcfarland,https://play-lh.googleusercontent.com/a/ACg8ocK534cNhrDjbzUAyq_I447U6JYuQ0kc08LYRdBq8OKtPlqFOg=mo,It's a pretty solid app easy to use.,5,0,4.3,2025-07-03 01:02:41,,,4.3,com.ghost.lgnds
af59544c-dd32-47f3-865f-6dda4b86f9a5,x0p1umx 1984,https://play-lh.googleusercontent.com/a-/ALV-UjUuiYSUxRyoY1Crhrl6kWnYuVectdlOFY59lh44y_UGpy23-ocu2g,app performance is jank and needs work... so bug ridden,1,0,4.3,2025-06-07 04:00:41,,,4.3,com.ghost.lgnds
344a234b-16b2-41b1-9f8f-b95734c91ff2,Star Light,https://play-lh.googleusercontent.com/a/ACg8ocI7VzKOrH3NMnO8FfOsAK8u-ZXea3SIfZieY0eB_nn9X4XQow=mo,"the raffles area of the app is all messed up & has been like that thru multiple app updates for me. after the main raffle page, once i try to enter or select tickets, i CAN NOT scroll down as normal - need to keep trying & each successful scroll (feels like a 5% success rate) only gives me like 1mm progress down the screen. idk why its like this but it has been for months. also didn't properly get the badge for my first in app purchase. had to contact customer service for it lol",2,2,4.3,2025-05-29 04:06:34,,,4.3,com.ghost.lgnds
9aa1fbe5-ecbe-4d44-9cde-362e3edb8985,Cory Miller,https://play-lh.googleusercontent.com/a-/ALV-UjVWPE1NCST-jfhw0Ly178l8gZ8Vp1Yqh24pkCxXqsJASBCNv-dfNA,Can't enter any raffles,2,1,4.3,2025-05-21 22:39:18,,,4.3,com.ghost.lgnds
6c8f8648-379d-4f0d-9d36-9a048a707e5d,D A,https://play-lh.googleusercontent.com/a-/ALV-UjXEL3hJyMg1n-Y2csaNGxUa8R-wP16cu-wlXvpBF0hnHBcSAS8FiA,very glitchy,1,0,4.3,2025-05-21 07:38:54,,,4.3,com.ghost.lgnds
1e0426d3-2f50-416b-8a01-0fbab2c89ae7,Eric Dale,https://play-lh.googleusercontent.com/a/ACg8ocJ4VrFBgtEuULQn2plzQjB0yYRsNsK-p1cYRxIOH-k9nPEXgkNl=mo,"The Ghost Application worked great logged in easy. I've used, Ghost Legend for Several Years Spending Over $1,000. No reason to be rewards member, Time Consuming Zero Rewards thus far, Depending Consumer.",2,0,,2025-03-20 18:32:46,,,,com.ghost.lgnds
d90dfa3b-d403-42f8-a954-b9c3ad2d64b9,Ralph Angel,https://play-lh.googleusercontent.com/a-/ALV-UjUQXcpwVcLqaY475AXKfDwyR51NMpoF5hS8GkK9_gczCRBJvD0M,not enough options,1,0,4.1,2025-03-13 12:09:30,,,4.1,com.ghost.lgnds
28cb174e-6341-404d-8d08-94cfc0047141,Dino Palmer,https://play-lh.googleusercontent.com/a/ACg8ocIw3WsTJq-mlCct9_M2ld-QRWoFDuShNhLYi8aYP6Dt--nT-g=mo,"Great greens supplements taste very good,always improving their supplements. Love their ghost 👻 👽 hydration, lemon 🍋 crush,sonic cherry 🍒 lemonade, sonic ocean, taste great. Kiwi 🥝 strawberry 🍓 isn't so bad at all. Clothing is great,got a new backpack 🎒 and shirt 👕. Will definitely purchase 😀 more in the future.",5,1,,2025-02-27 07:18:45,,,,com.ghost.lgnds
71b1fbe1-29ff-4647-a4ed-93a34cf05d9d,Antonioys Gibson,https://play-lh.googleusercontent.com/a/ACg8ocLGBjkuGdARP5A8NtVfrSVh8m2FNwCVZ5f95pj2-DU_RXzLQ-2B=mo,It gets me going,5,0,2,2025-02-20 01:37:46,,,2,com.ghost.lgnds
8b7f1efc-be70-4f73-81f4-42fbd3d52c08,Sean Martins,https://play-lh.googleusercontent.com/a/ACg8ocKdI_W4wxjb1bKPr0K_xTVb_Mu1p2wM8KJYGUhRJ-VJlCi6Lw=mo,"It doesn't even let me do anything, all it is is some pictures of boys at like a barn or something",1,0,4.1,2025-02-09 23:49:26,,,4.1,com.ghost.lgnds
aacd395d-1a7c-4feb-a04c-6879d2e2f59b,Godslayer333,https://play-lh.googleusercontent.com/a-/ALV-UjWlXgVG9hlygQ6byGkHGq2CSlwpPehwveZnn77fZkkHWyIwEWztnQ,"Get notifications occasionally about a new ""raffle"" I need to go check out, but there is never any raffles there in the raffles tab. Waste my time and annoy me why don't you?",1,0,4.0,2025-02-03 22:33:27,,,4.0,com.ghost.lgnds
f4a6ee50-5647-46a8-bc11-cdfeb141e814,Chris Salemi,https://play-lh.googleusercontent.com/a/ACg8ocIq81EgTL1uz8tT2tZS7cjyL6pszK-ok8_bmPmTydISAZ5oNw=mo,Ruined the app with update. It's not letting me redeem codes for points. Pretty much stealing my codes. I want my points please.,5,2,1.2,2024-12-20 23:44:48,,,1.2,com.ghost.lgnds
c4ab2d49-eece-4ed1-bc2b-8f13f83fb5d5,Randy Schuler,https://play-lh.googleusercontent.com/a/ACg8ocJeFF943FSfKZDPo7ZvNDH94sNvlB7ENR-KVkZUI2qGOF1_cg=mo,"Awesome supplements, great clothing.",5,1,1.2,2024-12-17 02:41:35,,,1.2,com.ghost.lgnds
9dd928c9-2904-4e86-8895-bfa0e9d86103,Benjamin Bastidos,https://play-lh.googleusercontent.com/a/ACg8ocJyAlY4ggtug5UzvG2k1UUHdcnlI5u3_wK5dhEX06oedxhXvw=mo,Problem showing loyalty points,3,0,2,2024-11-19 03:10:42,,,2,com.ghost.lgnds
ec163a1d-45bd-4d17-a66b-b030bdf975f0,Julina Smith,https://play-lh.googleusercontent.com/a/ACg8ocI_1t62KhAXSpETles5XIoYUdObBVl262CoO5Dhl7erDJ-uqPk=mo,Ghost energies I like. 🙂💯,5,0,2,2024-11-15 03:20:30,,,2,com.ghost.lgnds
282c1836-b693-4930-a767-837c0bded23a,Valeria Sanguino,https://play-lh.googleusercontent.com/a/ACg8ocKyDi9-I_eBLGp-yrTlSAhNajMzjwsEKQasjgPtpUSHlIOtcQ=mo,Happy to see that Ghost finally brought back the Vegan Coconut ice cream flavor back in stock!,5,0,2,2024-10-03 00:46:37,,,2,com.ghost.lgnds
2697f536-5d8c-4020-87b2-7f98e406d4f8,Stephen Boucher,https://play-lh.googleusercontent.com/a-/ALV-UjVX5JOqvR-X9o0pNv6OTsQdlrxfgPE-LbF8janftCQwVCvHRR4,Definitely one of my Top favorite brands for supplements. The app works wonderfully. I haven't had any issues whatsoever.,5,2,2,2024-10-02 00:10:16,,,2,com.ghost.lgnds
6f1ef1de-f4ad-49e8-99b2-dbc920be6217,Jon Earl,https://play-lh.googleusercontent.com/a-/ALV-UjUcq_tcnPy4734HDtAMVW-6x0zeKZ6Sa0Dldtv-UrghVCdwckGB,great brand and great products.,5,0,2,2024-10-01 23:35:44,,,2,com.ghost.lgnds
9005ce81-e559-4d4e-8f84-089b2a46a0a9,Sam,https://play-lh.googleusercontent.com/a-/ALV-UjVxNP4KpNPZZrZjjJ5TV_V8ig3mK3QAvxmCT_IZpJV4BtU_0JoWXg,has some bugs when backing out to a previous menu. but overall feel and speed is good!,4,2,2,2024-09-28 19:11:53,,,2,com.ghost.lgnds
ebe9169a-c47f-4c6e-9c47-01d9fd2bfd1c,Chase Mayhem,https://play-lh.googleusercontent.com/a-/ALV-UjViZb_uraJY9h5eOXhErB3UEZROYArOShDs6ccQS26nSOkbxzWQFw,"I love this company. I started buying their energy drinks when they first started hitting shelves at my convenience store. The flavors are so good & have a wide variety. More recently, I started buying their hydration powders for my water since I deliver mail in all weather & need to stay hydrated. They taste great, but I am hoping they add more variety to those flavors soon. I can't drink the energy drinks anymore, so these are my new go to drink mixes.",5,0,2,2024-09-27 03:19:16,,,2,com.ghost.lgnds
dae8b570-50d4-4d2b-9808-442d4b217b84,Aaron Ward,https://play-lh.googleusercontent.com/a-/ALV-UjVfOPJjnfhD1fZ2EjkNGjfQsnaI7uXut1IrZHYtxUdVluQP0Lfxlg,App works great. Just don't understand why standard Ghost energy drinks aren't included on the app.,4,1,2,2024-09-19 08:22:38,,,2,com.ghost.lgnds
60413722-b78e-4074-8c75-2232dc36b0b8,Amanda Novak,https://play-lh.googleusercontent.com/a/ACg8ocKFfrKUU9qtYui5MR3zR0sHZrh3_3e4rEqzEC352ZHN8dWEBA=mo,Absolutely love the products! And the flavors are amazing!!,5,0,2,2024-09-19 05:16:54,,,2,com.ghost.lgnds
f0bd640e-6ad0-4fa9-8e93-b80f93352860,Johnathan Rodriguez,https://play-lh.googleusercontent.com/a-/ALV-UjXgDVj1asB46Y0RXAVnIEFa6U3zkDW0bNqVh5Wg4MVsD1roYOHR,Great app!,5,0,2,2024-09-19 04:54:20,,,2,com.ghost.lgnds
1db6a815-0544-43e0-8698-78ed3517bf58,Chavez,https://play-lh.googleusercontent.com/a/ACg8ocKAKNqG4VEgrrOSwip3WgU9LNor54EFDpKb4cITVU-mEXTw35c=mo,"Good products , cheap ingredients and shipping price is awful",3,0,2,2024-09-09 22:36:02,,,2,com.ghost.lgnds
1ea04c75-1702-4316-816e-682f58505c8b,Bob C,https://play-lh.googleusercontent.com/a-/ALV-UjXh-yuAho26C2G2TSOh2PadY-hGT71rkCfQtwW6HUG2nD3eao5w,so far so good,5,0,2,2024-09-03 21:45:37,,,2,com.ghost.lgnds
d6180f7a-532c-4817-af28-634ac3348cb5,Jordan Caesar,https://play-lh.googleusercontent.com/a/ACg8ocLg5FuIEBHcZZ_kDnys9Ilo1YFVF_xOEtcQVHa-HfzXVOOttn8=mo,There's so much wrong. It's not letting me update my birthday. It's also not showing me my loyalty points.,2,0,2,2024-08-25 03:51:20,,,2,com.ghost.lgnds
632d8975-d6ae-4063-ab2c-f36b666dc113,J P,https://play-lh.googleusercontent.com/a/ACg8ocLYbnekBTEgoJOaOsUddiBxy0kfUqaszVq5tiPmKSg5yND7pPA=mo,Joined to redeem the points codes I had saved up. They were added fine. A week later everything is gone and I have no points. These supplements are way too expensive to be dealing with a shoddy rewards system and app. Going back to cheaper protein.,1,0,2,2024-08-16 01:54:33,,,2,com.ghost.lgnds
d1ad40fa-7f81-4177-8030-143db0ecf11c,Justin Brown,https://play-lh.googleusercontent.com/a-/ALV-UjUJUiJ2iuBrMhTssyxpOSjCP7DL1KAEGY_fraCvY1prlY5bhECUpA,"They updated the app and it looks cleaner, but less functional. I also seem to have lost progress to the silver tier. Went from needing about 5k points to suddenly needing 12.5k. No way to see progress on loyalty or history of code entry like you used to. Not sure what this update was supposed to achieve exactly.",2,1,2,2024-08-10 04:39:07,,,2,com.ghost.lgnds
99493857-766e-4d8d-ae48-ed17baf4c55f,Beth S,https://play-lh.googleusercontent.com/a-/ALV-UjVhTb7i7Eml9mKJ8nDkuk-ZrCibOGx2iwCt37JozJhBWDMQj6Q9Xw,App updated and I lost 3000+ points.,1,1,2,2024-08-09 19:29:15,,,2,com.ghost.lgnds
33034a9d-7e41-4c1e-b29d-8e60a2410072,Anthony,https://play-lh.googleusercontent.com/a-/ALV-UjXB7lp1SF33wXauodWzkv62ZqnB2vNQA2MeP4_lrmO8RNNtL5kG,It's telling me update required but there is no update in the play store.,1,6,1.5.16,2024-08-07 07:13:30,,,1.5.16,com.ghost.lgnds
3107adf7-ee0f-4cdd-897f-c49e0795e6ee,Kay V,https://play-lh.googleusercontent.com/a/ACg8ocKUgmOB5ng_8XycB4b7-Zbokse985581u-q3Lcg-duSH4p4Nw=mo,I find it funny that a company with so much money has NEVER had a working app. The app does NOT work. Even your website SUCKS!! You can't scroll left to right (even though you should be able to).....it seems they don't care about their customers! Look at the reviews 😬😬😬,1,3,1.5.16,2024-08-02 18:26:35,,,1.5.16,com.ghost.lgnds
d16f52de-1b42-4f55-a1c9-b4c55a47957b,Bambi,https://play-lh.googleusercontent.com/a-/ALV-UjWHb800XmnPBOHeC0GGZFW_cAbGAytlrUfToBbDnhA-_i08I770Nw,"11,000+ loyalty points disappeared when I got your app. Beyond upset is an understatement. That's a lot of money these days. I have been in contact with your customer service team once(!)after reaching out multiple times over wk. They've since dropped coms& have yet to put in any kind of resolution. I have proof of my points. The only a ghost product person is because of Sydney Cummings and not being able to use my points to put to that is unacceptable. Had NO problems on web before now screwed.",1,7,1.5.15,2024-05-19 21:54:31,,,1.5.15,com.ghost.lgnds
ca6f8a1a-bf4c-4f77-80ba-37a643e8c5bf,carrie eckermann,https://play-lh.googleusercontent.com/a-/ALV-UjU_lNLiqY5gpbc8eznbY_IC4-3L0hatfYcki4HryATgnEB24zeP,"i saw that there was a loyalty badge for making a purchase online so that was my motive. Easy to download. It was clear i couldn't sign in with my web account. **unclear if i could use the same account to 'sign up' and link the intended purchase to my already arduous journey of acquiring points. I would leave more details of my frustrating journey, but I can only use so many words to say...theres a lot of room for improvement.",2,4,1.5.12,2024-04-18 21:33:32,,,1.5.12,com.ghost.lgnds
2d89eae4-90d6-4ff8-9be2-97ed4813080a,Ken Maloney,https://play-lh.googleusercontent.com/a-/ALV-UjUU8r-Z9a6XLfTHl3Rzz5jwuMpLDzA_LqZ5FkAlATxCLEwjJ6tQQA,"App doesn't work. I've deleted and reinstalled. I've tried clearing the cache. Every time I open the app it tells me there's an issue. I love the product and will continue to order, but apparently this app doesn't wanna work on my OnePlus 12 on Android 14. I've even tried to submit a bug report through the app and it wouldn't allow me to do it. Gave me the same error, thus why I'm giving it a bad review at this time.",1,2,1.5.11,2024-02-17 05:48:15,,,1.5.11,com.ghost.lgnds
93891fdf-dfd7-4b74-808d-6f123b346c04,Lee Lamp,https://play-lh.googleusercontent.com/a-/ALV-UjXpenw2difMXinMiu9wtHpsRRaT7agTLTVvTdS6LCgRdM5dOlkD6A,"It's ok, needs some work",3,0,1.5.11,2024-01-16 03:33:51,,,1.5.11,com.ghost.lgnds
09036997-7735-44d7-9157-1a47b0be84e8,Kathy Hovencamp,https://play-lh.googleusercontent.com/a/ACg8ocL3nWL_CGZaSZZV_oi8YZJww_55kXdBv419Nlhgbu39Tu-uvKY=mo,Can't redeem any codes. It's been Uninstalled. Updated. Etc. Pointless,1,0,1.5.11,2024-01-08 00:08:37,,,1.5.11,com.ghost.lgnds
184aa791-5696-4414-90ec-ecba2f52b0cb,Ben Miller,https://play-lh.googleusercontent.com/a-/ALV-UjWpcmnmBIVTG-sFYzDh0pdh-UW86MTTx_Mn98b-PgzqZ0wrrucVcg,It doesn't work. Consistently get same error message every time I try to log in.,1,0,1.5.11,2023-12-14 17:54:27,,,1.5.11,com.ghost.lgnds
07eb4554-1bd8-4213-810d-3f186a9ad596,Monte Walker,https://play-lh.googleusercontent.com/a-/ALV-UjVkMeKFOFeiPj-vaQvl9AEXUoUCW7UkjHmTIH5ABiggR4YKkcx3,Would be a lot better if I could make an account 'default Firebase app does not exist'.,1,0,1.5.11,2023-12-12 04:03:24,,,1.5.11,com.ghost.lgnds
37623469-aaa9-465a-91d4-5a9aaf1df3cd,Ethan Shjandemaar,https://play-lh.googleusercontent.com/a-/ALV-UjUUcIhXz0vzitI_giA6PNO8YLS9pRklDAAf1aUHVg1k64ebhdG3,Can't even make an account,1,0,1.5.11,2023-12-09 21:59:44,,,1.5.11,com.ghost.lgnds
56d21b87-68c9-421e-b631-b92fd10a7c89,Jeremy McNiel,https://play-lh.googleusercontent.com/a-/ALV-UjWJVZGx83B-tAa1fK-usmmC_dXmrywnpgnVNNNDVv8v51J-SUuCGQ,Logins are not sync'd from web to app? That is just basic account management that should be in place.,1,0,1.5.9,2023-11-26 23:10:00,,,1.5.9,com.ghost.lgnds
87f38b46-0f2e-48e1-8497-f975a627ef79,Shadoe Forrest,https://play-lh.googleusercontent.com/a/ACg8ocJAqYfx7xiIpqfNindDDkzZFneVO9km0vvgEunaLVIneQ7dt7o=mo,"All of my loyalty points are just gone cause of an update. Not starting over, instead, just deleting this app",1,0,1.5.7,2023-10-04 15:12:29,,,1.5.7,com.ghost.lgnds
4bce3f18-a3d3-4645-a7ab-992c0f0b1b3f,Shadowheartswes Spikewes,https://play-lh.googleusercontent.com/a/ACg8ocKVz6CDM4Djnrcx0p1zx3Kt5ODT1YpD3OLTOveh6WItoipTDQ=mo,Just wish you could also order cand ghost not just powder but other then that love it and gotten so many people hooked,4,0,1.5.7,2023-10-02 06:07:21,,,1.5.7,com.ghost.lgnds
190e274c-6d79-4384-90d2-47c00fcc1a7d,A A,https://play-lh.googleusercontent.com/a/ACg8ocI1WjwCQTYZAzuXPWvttTOZ_8CyRzSu7Jxly8lbiD_TpzpaCQ=mo,Will not let me sign in. Says to verify email address but there is nothing to click. If i type the wrong password it switches to incorrect password. I went to the browser and signed in just fine but the app is stuck on verify email. I have nothing in my email and i went waaaay back to when i started my account,1,0,1.5.7,2023-09-21 04:32:10,,,1.5.7,com.ghost.lgnds
5974bbbf-7395-40ba-8f4f-07aff5b937b2,brandon wilt,https://play-lh.googleusercontent.com/a-/ALV-UjVU2xEw2JGZtmDzoq0DquwrNpjgDc7gpmFATRrK73VKiAIYIiU,Not sure what happened with the update but the app does not show orders nor can I redeem any codes,2,0,1.5.7,2023-09-12 23:19:42,,,1.5.7,com.ghost.lgnds
889ef8e4-ca38-4f16-81a7-4a8bae849a9a,Tyler Victory,https://play-lh.googleusercontent.com/a-/ALV-UjVvZpupi8ctpM2jDIc9qega0S_VyDR7VUpHdkuhmmi_fhSXok5TEA,"I've wanted to get this app for a while, but I created my account using Facebook sign in on the website. They seem to be excluding anyone who used that from using their app, very disappointing.",1,0,,2023-09-08 22:35:47,,,,com.ghost.lgnds
a1d1f1a5-8066-4ca0-bbcb-20490d8ccd9b,Joe,https://play-lh.googleusercontent.com/a-/ALV-UjXANKs0bM-0tHIypoR3mFQMPFvJkjOt3n8pG6faGZYyir8vDP9j,"This app doesn't have up to date news or recent orders. I've cleared cache +force stopped, logged out + back in and reinstalled but that information still isn't populating.",1,0,1.5.7,2023-09-03 01:54:14,,,1.5.7,com.ghost.lgnds
be6dc118-c143-4aec-a65f-9c3aa94f880a,E C,https://play-lh.googleusercontent.com/a/ACg8ocK9Gw3HJrGZM0FAKJncuPJ3S2MJnbk-AQa228V9qVxQVF72B8my=mo,"Needs a lot of work, can't buy energy drinks though the app?",1,0,1.5.7,2023-08-18 21:10:34,,,1.5.7,com.ghost.lgnds
3bd39fb0-f098-4c04-99cd-4573bc02fc89,Ryan Pomeroy,https://play-lh.googleusercontent.com/a-/ALV-UjW1OcEQrbhFhoZv1N0CAa3bVE8Jb3bV_NNuX0Q4veOzja0Ibowl,None of the give aways or raffles ever show up on the app even though I get texts about them continuously,1,0,1.5.7,2023-08-18 20:51:00,,,1.5.7,com.ghost.lgnds
529180a3-c6a0-4428-b41e-cecfebd392ea,Michael,https://play-lh.googleusercontent.com/a/ACg8ocKk2xSMht1XRTLg0MpxCl7sCHihR-0NakykRTdYiCvwt9nO6w=mo,The app started off great was nice to use the reward points ts recieve new products and Information right from the brand itself...however they seemed to have scaled back the app can't find all the typical products I found in the past and makes it hard to use reward points and they even dropped the amount of points each code gives you went from being a useful app to 1 I may just delete and access on the internet browsers.,2,5,1.5.7,2023-08-14 23:03:02,,,1.5.7,com.ghost.lgnds
9e65e8be-7b38-427c-b72c-055d537e00a9,CivicBattlefield Gaming,https://play-lh.googleusercontent.com/a-/ALV-UjVNDHWuNaPCsD9khpnLGeWKySE9wzbyViH9X_DxvXGzOAc8msU,I love it,5,0,1.5.7,2023-07-11 12:32:15,,,1.5.7,com.ghost.lgnds
9a02ecec-5388-479b-bdc5-4e32506426f8,Dawn Forcier,https://play-lh.googleusercontent.com/a-/ALV-UjVjXEVWFLoST97K0AbH_irGYg_hGXnjK1niWU5FCXBZLWxt8-NrTg,What happen to the new flavor? Starting 5-10-23 we could get a can through the app and only pay s/h. I downloaded the app and there is nothing!,1,2,1.5.7,2023-05-11 06:01:24,"Hey legend, the promotion for GHOST Energy was a raffle & limited time offer to secure a can - You can still snag a can of BUBBLICIOUS Cotton Candy at Kroger & GNC Retailers on June 1st!",2023-05-16 02:42:14,1.5.7,com.ghost.lgnds
4f075eaf-99bc-42c2-b6e1-4f8dc333552d,Ben L,https://play-lh.googleusercontent.com/a-/ALV-UjU4DYxQWdhb7Re1iY85sF8PHgDIiGNO72IYj9DplOr9RVlEQMrK,"Mobile app is horrible. Website allows for other authentication methods, but the Mobile app only allows for a query to ghosts local user:pass database which means this app is completely useless to anyone using other login methods",1,5,1.5.7,2023-05-09 23:27:24,,,1.5.7,com.ghost.lgnds
1fdb718c-cfcf-42a6-872a-e0654c2f5f20,Michael Marc (Filomew),https://play-lh.googleusercontent.com/a-/ALV-UjUKaWg8e3Jax5fZBoDd0jxDLJl1_Yab91xZXhyWwZWcDfdXWMM,Nyaaa!!! :³,5,0,1.5.7,2023-05-06 00:46:48,,,1.5.7,com.ghost.lgnds
9a5572aa-f45d-48b8-8560-2b64de20d2c3,Stephen Wright,https://play-lh.googleusercontent.com/a/ACg8ocKiTsfrwXbd5l4r9TiTH-So56nYbzUQk4ftZjE1VyIGH4BSSA=mo,Great app.,5,0,1.5.7,2023-05-03 23:39:53,,,1.5.7,com.ghost.lgnds
f21b747e-83bf-4a04-b692-1ebb0c5056f8,Debbie Shopbell,https://play-lh.googleusercontent.com/a-/ALV-UjU4_DL1xTTU0mXb7eLROaRNzG4NYR9LfLabaog08tOBgyhNnPs,"App won't load anything, I can't even make my first order. Going to have to try a different brand",1,1,1.5.6,2023-04-16 20:59:20,"Hey Debbie, so sorry to hear this! We have since released a fix for this issue. Please email us at support@ghostlifestyle.com if you still have trouble checking out. We'll make sure you're taken care of!",2023-05-02 03:55:17,1.5.6,com.ghost.lgnds
c76a5cb0-0100-4ae9-aefd-0534c1e1302d,Andrew Nicholson,https://play-lh.googleusercontent.com/a/ACg8ocJRnEIrBizJk_8usx3UQkDerX8lua8BbvfxeG0tDwrTvOBa8Q=mo,"They fixed it, hope it stays that way.",5,1,1.5.4,2023-02-22 23:47:19,Thanks Andrew! We're working hard to make new versions rock solid.,2023-02-23 04:36:16,1.5.4,com.ghost.lgnds
6935f168-372c-4837-aea6-66b98d0c3fe3,Macie Cote,https://play-lh.googleusercontent.com/a/ACg8ocJsGW3dlU55BISuP9r17OFkUdmn-L9e71HoAvJwv3UzUn1KXA=mo,Website offers Facebook login. Which i did. App requires a email login. Different login so my points don't count towards app interface,1,1,,2023-02-13 07:02:18,,,,com.ghost.lgnds
1cf4d5af-c313-4481-ab6e-f7a9e14c9f18,Gabe Romero,https://play-lh.googleusercontent.com/a-/ALV-UjW6pMdxRTXHxkXSQ0MdOWBGLZrnLLbwJty1YesNOrcunHGgGWxZ,"Clunky, I can't add text to redeem codes and it takes literally eons to actually get enough loyalty points use",1,1,1.5.4,2023-02-06 06:38:38,"Sorry about that, Gabe. We just released a fix for this on Android. Please update to the latest version Legend!",2023-02-27 22:38:15,1.5.4,com.ghost.lgnds
0f3fa298-a381-4806-99ef-b7110913412b,Kris Mac,https://play-lh.googleusercontent.com/a-/ALV-UjWXPbTMvTbYeoUBqq3zdCtTGJ_L1Vggfp-e6ignLVz4LL3jxis,You're telling me my login is different from the website? And my loyalty points are therefore not accessible from the app? This is garbage.,1,3,1.5.3,2023-02-02 00:25:00,,,1.5.3,com.ghost.lgnds
0fcb598a-21ee-4777-95f5-f1f1eec99956,Shelby Cardell,https://play-lh.googleusercontent.com/a-/ALV-UjWhkcBR0WobwpKtW-3zsixKBZUb-FSausISRy0dzYsSM1eSkfgn,App doesn't allow you to input sweepstakes entries,1,0,1.5.1,2022-12-17 02:34:56,"Sorry about that, Shelby. We just released a fix for this on Android. Please update to the latest version Legend!",2023-02-27 22:38:32,1.5.1,com.ghost.lgnds
e766174a-ea76-4d22-ae13-dedda20d5057,Keith,https://play-lh.googleusercontent.com/a/ACg8ocKqWm24kRa6gpFaQIBkAEPbrpV_J1mksIdZto6TbtUCFhVs1ds=mo,"Why would you allow users to create credentials with a Facebook account on your site, only to not have the option to login via Facebook on the app?",1,0,1.5.1,2022-12-17 01:06:38,,,1.5.1,com.ghost.lgnds
3e9ff380-c281-4f0d-81d2-2bf2a254d704,Antonio Namish,https://play-lh.googleusercontent.com/a-/ALV-UjVF0ZTbsIfA87y6V5wFFKI9P3sPvp1c-zccep0csj6QrYctkG8h0Q,I drink ghost energy sour patch blue raspberry I taste sour and blueberry too it's good,5,0,,2022-11-24 23:04:31,Glad you like it Legend!,2023-02-27 22:39:42,,com.ghost.lgnds
c9429e97-7dc9-47b6-b666-2c7ed490113f,Johnny Scott,https://play-lh.googleusercontent.com/a/ACg8ocLYTYKqukr2D6KNx39SuQ0hv03s_7RC2TA3tgzfpoT2ouug0g=mo,"As much as I like the product, the rewards program thru the app sucks. I have bought over 15 different preworkouts, bcaa, NO2, and 6-7 protein powder tubs and I still haven't gotten enough points for anything. Pretty lousy ROI. So you get 400 points for a tub of preworkout. It cost 11,000 points to buy one of those using points. That means if you buy 27.5 tubs you get one free...oh wait, the points expire soooo, nvm. Think GNC rewards would be better.",2,7,1.5.1,2022-10-27 03:20:53,"Sorry about that, Johnny. We just released a fix for this on Android. Please update to the latest version Legend!",2023-02-27 22:39:57,1.5.1,com.ghost.lgnds
768df5e5-6b7d-46f0-92d2-ecbd55f80ec1,Nicholas Iezzi,https://play-lh.googleusercontent.com/a/ACg8ocJjTWRpjDgFKZFzXvnCAtGpixckJ-aFg2zIVuA9M6DAUN_E-w=mo,Love this product,5,0,1.5.1,2022-09-15 05:06:01,Thank you Nicholas!,2023-02-27 22:40:10,1.5.1,com.ghost.lgnds
28b9bb47-049b-4aab-ba85-17223c1daf2a,Miguel Guzman,https://play-lh.googleusercontent.com/a-/ALV-UjWIuXA4MWo1fGTw7mm7bjBeEu4MMTRZqjy-NBJISag1N5akwgpZ,"You need a separate login from your website login, too weird for me",1,1,,2022-09-05 11:48:51,,,,com.ghost.lgnds
f04de40d-8049-49b4-adc3-c2dd253beebc,Samantha,https://play-lh.googleusercontent.com/a/ACg8ocJz6nJoDeDSiG4u8LPLI6b53a-FXjisivw49dSA7X27eNap5uCC=mo,"It won't let me sign in. It says I have no account, when it lets me sign in on desktop",1,1,1.5.1,2022-08-12 10:24:46,,,1.5.1,com.ghost.lgnds
7878030a-1222-48ae-b2e0-7f464b7698b5,Daniel Wright,https://play-lh.googleusercontent.com/a-/ALV-UjV4qGtO8XbIiHNHQjpnrZL9lGkT2trC1XrJNZLEJLO-NAtlT5UF,"I've been a loyal customer of Ghost for years. Their app did a really good job of integrating the ability to input my reward point phrases in-app. Great product, great app!!!",5,1,1.5.1,2022-07-09 20:56:24,,,1.5.1,com.ghost.lgnds
d63e51d8-3e34-4d35-9afa-731709b9eb89,Alyssa Garrett,https://play-lh.googleusercontent.com/a/ACg8ocLnYEexlZZUDxeUwW81vKPUExzYb9P6GyKpijoUhQRS_YVlbw=mo,"Every time I click on a bundle purcace to buy it the app crashes, rather annoying. I would love to use the app to purchase ghost but with the constant crashes, I rather get it on Amazon or even a gmc store.",2,1,,2022-06-13 08:08:18,,,,com.ghost.lgnds
3b73a00e-eb2a-4c75-8f27-26f8534f8a28,Kevin Arehart,https://play-lh.googleusercontent.com/a-/ALV-UjXT44QAKE4G-lHdkKv4pZyhzXJRxkrNA2N0TZioKFZEkZX8Wpa0,Can't connect my facebook account on it,1,0,1.5.1,2022-06-10 06:47:25,,,1.5.1,com.ghost.lgnds
37af2fb8-d961-4784-8b8b-7d0fbd259759,MIKE YOSHI,https://play-lh.googleusercontent.com/a-/ALV-UjWLJBN8maNRIaGu_dZ2pDQBQepblfuGiJ8Tb0pLQPAj1L6PXEn3,Very great supplements and a awesome app worthy of any LEGEND. BESEEN!,5,0,1.5.1,2022-06-10 03:49:30,,,1.5.1,com.ghost.lgnds
0d740b8d-15d3-4d5c-914c-cf38299826f8,Platinum Rubber ducky,https://play-lh.googleusercontent.com/a-/ALV-UjX9-0y9XAkErln8ThMhIBd2YzYIDJhwSiLxkNNjSzU9Ve75Fr2g,Does not recognize account login from online site u have to make a new account/:update now u can put your online account & it works with your rewards.great app & exclusive drops are available only on the app,3,0,1.5.1,2022-05-18 07:00:54,,,1.5.1,com.ghost.lgnds
c788816e-f8b3-428e-8499-955e357f7f6e,Dylan .T,https://play-lh.googleusercontent.com/a-/ALV-UjURpomBZWEXZ4z9sz6j7LTJL1Xs7jHw_PxNgYTEOs1wuNZttmii,Installed the app just for the TMNT launch and get no notifications after I selected them.,1,1,1.5.1,2022-04-29 06:26:28,,,1.5.1,com.ghost.lgnds
48325b5d-16aa-45e3-bf36-4f03efc3fe41,Aaron Bravo,https://play-lh.googleusercontent.com/a-/ALV-UjV93kRUS7XDPwYnI7MkU9jNhm4NXrpER7W2w68nixUoi1gyroTyQQ,I need help. I downloaded the app but it will not allow me to log in since my account is linked to my Facebook account.,1,0,1.5.1,2022-04-27 13:06:17,,,1.5.1,com.ghost.lgnds
4042fbfb-a81b-4ffb-b7b5-3e754605361e,John Sena,https://play-lh.googleusercontent.com/a-/ALV-UjXRVUnYYU6apU7eBD7OK-qoQX9wsz3sM_zsFN_dcIhbT98FAARMXw,Best energy drink,5,0,,2022-04-11 17:41:37,,,,com.ghost.lgnds
dfd6e60c-3dbd-4629-ac38-a7b57e2aaf94,David Uhlmeyer,https://play-lh.googleusercontent.com/a-/ALV-UjV8FFpIXP-b7ydvfY-cQl3njodrDPjevkC7YPcneF5a78twpiIr,"I get emails from Ghost about upcoming products, restocks, and deals. But when I open the app, nothing shows up in the news or upcoming section. Which is a shame because you're supposed to be able to get notifications when something launches. The app will send me a notification but when I do open it, nothing (if I don't read it when it pops up in my screen, then it's gone). The concepts are there but still not working properly. Love the product, don't use the app.",2,16,1.5.1,2022-03-08 03:09:44,"We've made an update to the app to fix this - feel free to install the update and sign in. If you're still experiencing any issues, shoot us an email at support@ghostlifestyle.com. We've got your back!",2021-05-07 03:36:33,1.5.1,com.ghost.lgnds
410af691-6f5b-4455-801b-d0e3be3f9955,William Gray,https://play-lh.googleusercontent.com/a/ACg8ocKzgg59iQCQu22PCYUuS74fMVW5pr-usNvh9uyFGQIOZCyAgQ=mo,"I wish I could select the flavor before having put a product in the cart, or having to search through multiple repeated products to find the flavor I want.",4,7,1.5.1,2022-02-08 10:39:22,,,1.5.1,com.ghost.lgnds
47f08898-49f0-413b-88c4-99a73935d870,Tyler cherry,https://play-lh.googleusercontent.com/a-/ALV-UjWqoiQEQHXQScDxyoO_FyyZkhwlM2s9Mgo-KhSKRUVR3IK1GJAo,Having a separate account for the website and app is ridiculous immediately uninstalled.,1,1,,2022-02-08 00:52:55,,,,com.ghost.lgnds
39fe0611-2f6f-4a32-9611-7203fad77753,Justin Craven,https://play-lh.googleusercontent.com/a-/ALV-UjUBJWtmK0jC-S_07ARLMpsoVHqQnVtFJ1tyscTOoOCjfHwkmjkv,"Kinda dumb that your web account is and must be, different than app account. Downloaded only to immediately uninstall. Love the products but no need to have 2 different accounts.",1,6,,2022-02-04 07:43:57,,,,com.ghost.lgnds
745468e6-1ed0-418b-86d4-0ebec0b8b64f,RA Clark,https://play-lh.googleusercontent.com/a/ACg8ocKxcYWHHaiwQpWVHFrQTp7idptpDviDMudZYdCRbF7XU7s7ow=mo,"Why? No sure why I want this if it's a different account that my online account, which is where my reward points are.",2,0,1.5.1,2022-01-26 02:11:00,,,1.5.1,com.ghost.lgnds
de2c4238-dd69-4d76-a2de-0432eeb57629,L P,https://play-lh.googleusercontent.com/a-/ALV-UjUidpzEZFKumu-jahcJqWhOisglPAdBa6-g1oldpMYgZqlRJs0T,It would be nice if anything was in stock ever!,3,0,,2021-12-31 10:08:29,,,,com.ghost.lgnds
a6ebec63-e0eb-46e3-a3b5-5eea03664190,Vincent “Vinny Bear” DB,https://play-lh.googleusercontent.com/a-/ALV-UjUctbGKuzXknR7VbfJMFHF-PF9DYD_hr5lZP21Jd79V18AzorQBnw,Love the App! Exclusive deals or early access. Can't wait for GhostLabs 🔥,5,0,1.5.1,2021-12-10 18:29:04,,,1.5.1,com.ghost.lgnds
c710118b-7108-4e45-9460-1b3a3e6e3136,Bulletproof 86,https://play-lh.googleusercontent.com/a-/ALV-UjW-Hv8RSAJjzc-fNg1WZo4AZAbzxAWRXEYqZ7g6-hIJiSSzc16O,"Kinda glitchy, but doesn't suck. Love their product line.",4,0,1.5.1,2021-11-23 03:05:12,,,1.5.1,com.ghost.lgnds
f2935356-4053-42b1-b630-8411951dc8d0,phil mars,https://play-lh.googleusercontent.com/a-/ALV-UjVjVosnN3YL-JRKCfWHTFwEuToDbAXuXC-n-fODh6KtEE0mt_l8Yw,I am ghost St Patrick's school of hogwarts,5,0,1.5.0,2021-11-13 10:52:10,,,1.5.0,com.ghost.lgnds
60751c6e-9b9f-41bf-a9cf-044ef62400cc,Brianna Nicole,https://play-lh.googleusercontent.com/a-/ALV-UjVIoETnuUsM9lo7wRyVcgF4LnsroqzmIwA8U1oOJgPs58NMQ5tT,"I love Ghost Lifestyle everything, but the app needs work! Very glitchy, I've been on it every time for the Bubblicious RTD release and every time switch over it shows as sold out immediately, but then other people I know using the app are snagging it & we are doing it exactly the same way :( the app also isn't updating to my Shopify account, when the website did and still does. I'm always logged in to my account when I do an order too.",3,13,1.4.2,2021-08-05 23:08:23,,,1.4.2,com.ghost.lgnds
e6b6e054-3b9c-4de8-bc65-edd4813cff70,Brittany Taylor,https://play-lh.googleusercontent.com/a/ACg8ocKMy8A3IbRhOq10VuJKe2XwbkYHp2sfzXsk-bGLKmxcNUBYSQ=mo,"Definitely a bug, i got the app specifically for a product launch, and missed it 2 days in a row because the app does not send its own notifications. My settings are set up for notifications from this app, so its the apps constant crashing and this bug that makes it actually USELESS. I do love the products so I'll continue buying online, so that makes this app worthless otherwise.",1,19,,2021-08-04 22:52:19,,,,com.ghost.lgnds
54325e4c-2d23-4417-85dd-ac63754a5a55,everardo miranda,https://play-lh.googleusercontent.com/a-/ALV-UjU4fz43_NGuidztsVm-EeEjOXxUYDg4do1PlikggOb3-p_YjRGqjQ,Refreshing all the time it said sold out all the time,1,0,,2021-08-03 22:52:14,,,,com.ghost.lgnds
e438f243-fb50-4ede-80c2-e70f51be0620,bonnie O'Neill,https://play-lh.googleusercontent.com/a-/ALV-UjXoyES2tmB9A2jrkDS_ShVD7CgQrQzSNVvcayAUyHnH0wYxpmyb,Checkout button doesn't work,1,0,1.4.0,2021-07-09 11:39:24,,,1.4.0,com.ghost.lgnds
29a36dcb-1152-47cf-aa8f-d984d49e656a,J Jones,https://play-lh.googleusercontent.com/a-/ALV-UjVS83LUeSTzjb0rQqwAe-CFnEH76Q676dTuouoxQU_qLQgcEbiE,"App redirects you to browser for web based payment, no purposeful functionality.",2,0,,2021-07-09 02:09:58,,,,com.ghost.lgnds
3f46ffb1-fb71-4e07-9c47-d9d5faa80913,Nolan Rader,https://play-lh.googleusercontent.com/a-/ALV-UjVEvDXcbjRq1XmNi6eTQOgukFrsvp_CeRoNl05_t6t4UlNpxpN0lQ,Like the app. Will add a star if notifications ever work. They work on iOS app.,4,1,1.3.3,2021-06-19 11:01:43,,,1.3.3,com.ghost.lgnds
31928856-edb1-4e2d-8752-1eed5a91dc53,Ray Kelley,https://play-lh.googleusercontent.com/a-/ALV-UjVoktw5Xol7q5J-eSrPIXPSjgibsxDr3Sn136bJ_KEcoofdjCLPng,Awesome,5,0,1.3.3,2021-06-11 05:03:02,,,1.3.3,com.ghost.lgnds
41fa42db-a754-44bb-b457-da245ad5e54c,Noah “Mast3rJed1_” Bush,https://play-lh.googleusercontent.com/a-/ALV-UjUpBogm-7Wa3dhhrQgnSEjTmMqQ4Xj3mB0u_OEf9hkSV6ov5hU,They keep squashing those bugs when they show up 😎🪲,5,0,1.3.3,2021-06-03 18:06:15,,,1.3.3,com.ghost.lgnds
378d65c5-c60e-41af-b4e9-fce689856476,Fareed Hurree,https://play-lh.googleusercontent.com/a/ACg8ocId5itVGIG3c6SOklaZxUUPzHNwy6mUaDAN9zGBx3MAsPlXC1I=mo,"App doesn't even open since the last update, keeps crashing.",1,0,1.3.1,2021-06-01 04:35:27,,,1.3.1,com.ghost.lgnds
999b5b28-68a7-4b7f-a575-c9af01eadd85,dakota graves,https://play-lh.googleusercontent.com/a-/ALV-UjW9MeSPeqBuD9OQo5m6Qj5rhWFHEHmPvjPnlYvzqcCiaVH3yGE13w,"App constantly crashes. Stop being cheap and put money into something you want to advertise, otherwise just don't have the app if you're going to be cheap.",1,3,1.3.0,2021-05-31 02:01:15,,,1.3.0,com.ghost.lgnds
4942774b-f48d-4dcf-8879-dcd363ae2cc2,Bianca T,https://play-lh.googleusercontent.com/a-/ALV-UjWyCfcg_vUuHazaFY73dORWsscLSGbs6Llnj36CtqLdtdLcWbnSPg,Vegan products are on lock! Love these products and the overall user experience with products and the amazing staff. Eagerly awaiting GHOST to open up shop or shipping to New Zealand.,5,3,1.1.0,2021-05-24 00:27:48,,,1.1.0,com.ghost.lgnds
676dd514-9673-4444-8226-3c97b947c7ed,Fitzy Cheesecake,https://play-lh.googleusercontent.com/a-/ALV-UjXW7w8wrUsi8GVwqlgVRTq7kal-UL822kH7QTJnuC4YBQ0d54Bf,"The app for Legends! It's just like using the website, however the app notifies you of upcoming releases that you're eager for... Keep an eye out and you might see a teaser before it drops on their socials #V2SZN With time I gather we'll be able to complete orders over the app rather than it opening a link to shopify. All that's missing is a dark mode (cuz EVERY app needs it!). Hopefully soon us smaller Legends Down Under will finally see SPK, Sonic & Energy pop up in our upcoming tab 🤞",5,2,1.0.20,2021-05-08 02:00:15,"Thanks for the feedback, Legend! We appreciate your love and support.",2021-05-13 00:57:33,1.0.20,com.ghost.lgnds
69e5b0d5-608d-4dc7-b1a4-0a6bc704963a,Cam K,https://play-lh.googleusercontent.com/a-/ALV-UjVqTZXGoam--h1iuxEWrUMrk9FKHk9EXc75AVqtOfNKA77yU5CmVw,Logging in was a little confusing but it's a cleaner look compared to the website. Awesome that you can see future drops earlier.,5,2,1.0.20,2021-05-07 22:47:05,"Thanks for this feedback - we apologize for the log in confusion. We've made some updates to improve this! We appreciate you, Legend!",2021-05-13 00:56:46,1.0.20,com.ghost.lgnds
1f65f420-d37b-47c6-9378-2823cdf40773,Derek Pryor,https://play-lh.googleusercontent.com/a-/ALV-UjU_RLDmlS6x29un9Vuf4-_XlhKaqov4bYJhEHQ-N8eCSZvz3u6kvg,Amazing app... Has a easy/cool to use interface. Has all my points there and order history etc! 5 Stars!,5,0,1.0.20,2021-05-07 02:21:00,"Hey Derek, thanks for the feedback! We've made an update to the app to fix this - feel free to install the update and sign in. If you're still experiencing any issues, shoot us an email at support@ghostlifestyle.com. We've got your back!",2021-05-07 01:25:23,1.0.20,com.ghost.lgnds
a1d93a87-88b0-4e72-9105-74af176e8955,Callum Bowen,https://play-lh.googleusercontent.com/a-/ALV-UjVcYWEhgpDgWshdzrDrHtavglKKFO936dLD3I_-qyiEaToxCdEm,"I log in, then it automatically logs me out. Missed out on the 25% off too :(",1,0,1.0.19,2021-05-02 15:47:11,"Hey Callum, so sorry to hear this! We've made an update to the app to fix this - feel free to install the update and sign in. Shoot us an email at support@ghostlifestyle.com - if your account was signed into on our App launch day, we are more than happy to honor the 25% off. We've got your back!",2021-05-07 01:27:34,1.0.19,com.ghost.lgnds
6b77c3ff-a352-44e8-9314-3011c9e7b87e,Charles Wong,https://play-lh.googleusercontent.com/a/ACg8ocJNKIJpno0hBGXnhbS_5OCZv1vxwrLdXc_UFkYg9KIpT_7Cbns=mo,"Unfortunately, I can't seem to verify my email when I try to sign up for the app. I get stuck in an infinite loop between email and app. Intro screen looks cool though. Can't wait till they fix this.",2,8,1.0.19,2021-05-02 03:15:50,"Hey Derek, thanks for the feedback! We've made an update to the app to fix this - feel free to install the update and sign in. If you're still experiencing any issues, shoot us an email at support@ghostlifestyle.com. We've got your back!
",2021-05-07 03:32:28,1.0.19,com.ghost.lgnds
4801649c-b984-443c-bbd1-8a086f8b03ec,Sam Kelly,https://play-lh.googleusercontent.com/a-/ALV-UjX_DTUWEfRWPHjey7WaQ88k0bstaXPlcCOKZkIur8gISJdb9kGL,LEGENDS! 👻,5,0,1.0.19,2021-05-02 02:13:26,You are a legend!,2021-05-07 03:32:39,1.0.19,com.ghost.lgnds
205bc09b-993b-48fa-878f-8ef0eddbcaf7,Matt Clauss,https://play-lh.googleusercontent.com/a-/ALV-UjWHdx-93P5SqZlVLeAeUI3nFv7uu603Kd9q6lSNSYRgVwpTTZU5,I can't tell you what it's like because when I tried to sign up and verified my email address I clicked the link and it wouldn't go past the sign in screen. Also you can't sign in with your account you've already made on the website which worries me if you only sign in with your Facebook.,1,7,1.0.19,2021-05-01 21:04:16,"Hey Matt, thanks for the feedback! We've made an update to the app to fix this - feel free to install the update and sign in. If you're still experiencing any issues, shoot us an email at support@ghostlifestyle.com. We've got your back!",2021-05-07 03:36:19,1.0.19,com.ghost.lgnds
0a7d176d-0762-4353-a9ae-0b0ad60458b7,Amy,https://play-lh.googleusercontent.com/a/ACg8ocJcHUQiG6O17-7WAAvaMltH5xCph6wxtYU_Y_zOCJv9Rinlvg=mo,Wont let me sign it with my email,1,0,1.0.19,2021-04-30 10:14:26,"We've made an update to the app to fix this - feel free to install the update and sign in. If you're still experiencing any issues, shoot us an email at support@ghostlifestyle.com. We've got your back!",2021-05-07 03:36:42,1.0.19,com.ghost.lgnds
d2ede377-a652-4007-8035-1f18f9652356,Trey Ramey,https://play-lh.googleusercontent.com/a-/ALV-UjVtHZvbr_XsHs-9I-FPNF4WP86DwTF6x_O84vhO4q0jmPHrkxvikw,Absolutely love the brand but it won't let me sign in sadly. Once that's fixed it'll be amazing.,2,1,1.0.19,2021-04-30 08:53:19,"We've made an update to the app to fix this - feel free to install the update and sign in. If you're still experiencing any issues, shoot us an email at support@ghostlifestyle.com. We've got your back!",2021-05-07 03:36:52,1.0.19,com.ghost.lgnds
0bc42a7a-124c-435a-8ab1-08f916a18162,InTriKitt,https://play-lh.googleusercontent.com/a-/ALV-UjXmHvy1pAEbsArIBZuQP1EfPiR--uiJ1UCc0qCVT9gbhuWdUBlT,"Ghost has THE best tasting vegan protein powder on the market - hands👏 down👏. Great tasting, great nutritional profile - I can't get enough of the stuff. And they're a hometown brand for me (viva Las Vegas!). I'm also a fan of their gamer blend to get me through long work days. But if you're looking for an amazing vegan protein, look no further than Ghost. And now, with this great app, it's so easy to order so quick! I love it!",5,22,1.0.19,2021-04-30 02:56:58,Thanks for the feedback Kitty!,2021-05-07 03:37:12,1.0.19,com.ghost.lgnds
c0d8c626-cab6-42a2-a4fa-3c6958e20737,J,https://play-lh.googleusercontent.com/a-/ALV-UjWpQ6A6mZLzb4d7pnO4zT4hfFcNplIQwLSO4laKvaZRlmZqA03h,It's here. I'm here for it.,5,1,1.0.19,2021-04-30 01:09:51,Thanks legend!,2021-05-07 03:37:24,1.0.19,com.ghost.lgnds
8586e3d7-43dc-433f-b907-dbfe3a7291e4,Anthony philleo,https://play-lh.googleusercontent.com/a-/ALV-UjVriNmHh6GClI36V_nkD150nDLvdMYH_Nu00NpgJzPHuMXoT3KjHw,"Stoked to have easy access to ordering product, great layout and user friendly !",5,2,1.0.19,2021-04-30 00:57:58,Thanks for the feedback!,2021-05-07 03:37:35,1.0.19,com.ghost.lgnds
439be2f6-1723-4fbe-bb67-e30f9a5da776,Eli Shelton (rVesperial),https://play-lh.googleusercontent.com/a-/ALV-UjUwb5qtoLgbjh82XAnjru4kFrNWN_6grc_fB0pu4oDK_UnoZd7_,Finally!!,5,0,1.0.19,2021-04-30 00:26:37,"Thanks for the review, Legend!",2021-05-13 00:55:44,1.0.19,com.ghost.lgnds
57921fbf-d3f5-4ebf-b38e-75afce677b75,Anthony Schook,https://play-lh.googleusercontent.com/a-/ALV-UjWt6GMYNEMcOhFZpqGX8uvzKdr02mE62mJ63S2c70E6IeKOI6u7,Awesome products especially their pre-work stuff. App works well,5,2,1.0.19,2021-04-30 00:26:33,"Thanks for the review and feedback, Legend!",2021-05-13 00:55:28,1.0.19,com.ghost.lgnds
9587ee06-df6b-466a-a698-243ebc7a2400,Tre moreno,https://play-lh.googleusercontent.com/a-/ALV-UjX_gyyRRGEveIfdRdZjGeyJa-kSMbVzjS7fps9U2hzqaC0f8YLJIg,Great easy shopping,5,0,1.0.19,2021-04-29 23:15:31,Thanks for the feedback!,2021-05-13 00:55:12,1.0.19,com.ghost.lgnds
ead338d5-5677-4704-a70e-41a445787049,David,https://play-lh.googleusercontent.com/a-/ALV-UjV1png00jK3iIpXidJSXeGxFfAbJoFVuPDJmKfzEKnyyToVGErE,FINALLY HERE!!!! YES.,5,0,,2021-04-29 22:40:05,"We're excited too, Legend!",2021-05-13 00:55:00,,com.ghost.lgnds
